trade_id,price,side,pos_side,type,qty,pnl,fee_paid,long_pos_size,long_pos_price,shrt_pos_size,shrt_pos_price,liq_diff,equity,pnl_plus_fees_cumsum,loss_cumsum,profit_cumsum,fee_paid_cumsum,balance,liq_price,timestamp,progress,drawdown,gain,n_days,average_daily_gain,hours_since_long_pos_change,hours_since_shrt_pos_change,hours_since_pos_change_max
21610,5.7375,buy,long,entry,66.0,0.0,-0.0681615,66.0,5.7375,0.0,,1.0,29.898838500000018,-0.0681615,0.0,0.0,-0.0681615,29.9318385,5.315882591000548,1615720429456.0,0.00639518452371264,0.001103721805112378,0.9966279500000006,0.2826740509259259,0.9881218403488445,0.0,0.0,0.0
21726,5.7558,sel,long,close,-66.0,1.2077999999999989,-0.068378904,0.0,,0.0,,0.07660675172392288,31.071259596,1.0712595959999989,0.0,1.2077999999999989,-0.136540404,31.071259596,0.0,1615720470848.0,0.006429513140313781,0.0,1.0357086532,0.283153125,1.1319155043766695,0.0,0.0,0.0
22492,5.7075,buy,long,entry,69.0,0.0,-0.07088715000000001,69.0,5.7075,0.0,,1.0,30.993472446000016,1.0003724459999987,0.0,1.2077999999999989,-0.20742755400000001,31.000372446,5.289958993876301,1615721096915.0,0.006656200384421319,0.00022262752300523285,1.0331157482000006,0.29039927083333333,1.1187228564803535,0.0,0.0,0.0
22589,5.7257,sel,long,close,-69.0,1.255800000000015,-0.07111319399999999,0.0,,0.0,,0.07628012260314646,32.185059252000016,2.1850592520000136,0.0,2.463600000000014,-0.278540748,32.185059252000016,0.0,1615721151154.0,0.006684906210372273,0.0,1.0728353084000006,0.29102703703703703,1.2732534193438745,0.0,0.0,0.0
29886,5.7524,buy,long,entry,71.0,0.0,-0.073515672,71.0,5.7524,0.0,,1.0,32.09024358000006,2.1115435800000135,0.0,2.463600000000014,-0.35205642000000004,32.11154358000002,5.332117442967665,1615728861074.0,0.008844353756394075,0.000663753141881071,1.0696747860000022,0.3802622222222222,1.1937825599201743,0.0,0.0,0.0
30290,5.7707,sel,long,close,-70.0,1.2809999999999988,-0.07271082,1.0,5.7524,0.0,,0.07611369113773685,33.33883276000002,3.319832760000012,0.0,3.7446000000000126,-0.42476724000000005,33.31983276000002,0.0,1615729200514.0,0.00896391204179805,0.0005699059753164059,1.111294425333334,0.3841909259259259,1.316095480320641,0.0,0.0,0.0
30293,5.7729,sel,long,close,-1.0,0.020500000000000185,-0.001039122,0.0,,0.0,,1.0,33.339293638000015,3.3392936380000124,0.0,3.7651000000000128,-0.42580636200000005,33.339293638000015,0.0,1615729203554.0,0.00896479985084808,0.0,1.1113097879333338,0.3842261111111111,1.3161097285800218,0.0,0.0,0.0
59904,5.598,buy,long,entry,75.0,0.0,-0.075573,75.0,5.598,0.0,,1.0,33.24872063800005,3.2637206380000126,0.0,3.7651000000000128,-0.501379362,33.26372063800002,5.185597308678739,1615766041236.0,0.01772777111098945,0.0004511451782845894,1.108290687933335,0.8105881712962963,1.135240833187743,0.0,0.0,0.0
62478,5.6159,sel,long,close,-75.0,1.342500000000002,-0.07581465,0.0,,0.0,,0.07700022984608253,34.53040598800002,4.530405988000014,0.0,5.107600000000015,-0.577194012,34.53040598800002,0.0,1615766884634.0,0.018489511275914777,0.0,1.151013532933334,0.8203497222222222,1.1870160030595458,0.0,0.0,0.0
74186,5.6391,buy,long,entry,78.0,0.0,-0.07917296400000001,78.0,5.6391,0.0,,1.0,34.43563302399998,4.451233024000015,0.0,5.107600000000015,-0.6563669759999999,34.45123302400002,5.228790266934943,1615782875330.0,0.02195433406182998,0.00045301911508820663,1.1478544341333328,1.0054272222222222,1.1470003531095243,0.0,0.0,0.0
74218,5.6571,sel,long,close,-77.0,1.3859999999999841,-0.078407406,1.0,5.6391,0.0,,0.0757609030765117,35.777125618,5.758825617999999,0.0,6.493599999999999,-0.7347743819999999,35.758825618,0.0,1615782880627.0,0.021963804025030297,0.0005115000068867866,1.1925708539333333,1.0054885300925926,1.1914249670287644,0.0,0.0,0.0
74226,5.6571,sel,long,close,-1.0,0.017999999999999794,-0.001018278,0.0,,0.0,,1.0,35.77580734,5.775807339999998,0.0,6.511599999999999,-0.7357926599999999,35.77580734,0.0,1615782882422.0,0.021966171515830375,0.0,1.1925269113333334,1.0055093055555555,1.191376995717275,0.0,0.0,0.0
82711,5.4336,buy,long,entry,83.0,0.0,-0.08117798400000001,83.0,5.4336,0.0,,1.0,35.686329356000016,5.694629355999998,0.0,6.511599999999999,-0.8169706439999999,35.694629356,5.03374670485564,1615790203142.0,0.024477191445663866,0.00023258206012686237,1.189544311866667,1.090239861111111,1.1725768653037694,0.0,0.0,0.0
83111,5.4509,sel,long,close,-83.0,1.4358999999999709,-0.081436446,0.0,,0.0,,0.07664782726985833,37.04909290999997,7.049092909999969,0.0,7.94749999999997,-0.8984070899999999,37.04909290999997,0.0,1615790352124.0,0.024595565985667804,0.0,1.2349697636666657,1.091964189814815,1.213213169176468,0.0,0.0,0.0
85480,5.3556,buy,long,entry,88.0,0.0,-0.08483270400000001,88.0,5.3556,0.0,,1.0,36.920260205999995,6.9642602059999685,0.0,7.94749999999997,-0.9832397939999998,36.96426020599997,4.9653436504710085,1615791802024.0,0.025296639198841113,0.0011917575811891238,1.2306753402,1.1087454398148149,1.2058748834888016,0.0,0.0,0.0
85526,5.3727,sel,long,close,-87.0,1.48770000000001,-0.084136482,1.0,5.3556,0.0,,0.07585407313164048,38.38512372399998,8.36782372399998,0.0,9.43519999999998,-1.0673762759999998,38.36782372399998,0.0,1615791802327.0,0.025310252270941566,0.00045069543410594973,1.2795041241333327,1.1087489467592593,1.2489434247678863,0.0,0.0,0.0
85531,5.3727,sel,long,close,-1.0,0.017100000000000115,-0.000967086,0.0,,0.0,,1.0,38.38395663799999,8.38395663799998,0.0,9.45229999999998,-1.0683433619999998,38.38395663799999,0.0,1615791802444.0,0.025311731952691614,0.0,1.2794652212666662,1.1087503009259259,1.2489088365533578,0.0,0.0,0.0
87413,5.279,buy,long,entry,92.0,0.0,-0.08742024000000001,92.0,5.279,0.0,,1.0,38.28733639800001,8.29653639799998,0.0,9.45229999999998,-1.1557636019999997,38.296536397999986,4.892085814911207,1615792311091.0,0.025868684163410132,0.0002402883267810485,1.2762445466000003,1.1146374189814814,1.244626050472626,0.0,0.0,0.0
87455,5.2958,sel,long,close,-92.0,1.5455999999999932,-0.087698448,0.0,,0.0,,0.07625034179059138,39.75443794999998,9.754437949999973,0.0,10.997899999999973,-1.2434620499999998,39.75443794999998,0.0,1615792312267.0,0.025881113490110547,0.0,1.3251479316666661,1.1146510300925927,1.2873257822367168,0.0,0.0,0.0
88192,5.2541,buy,long,entry,96.0,0.0,-0.09079084800000001,96.0,5.2541,0.0,,1.0,39.51964710199998,9.663647101999974,0.0,10.997899999999973,-1.3342528979999997,39.663647101999985,4.8701579570967475,1615792660455.0,0.0260992185800678,0.0036437572336701866,1.317321570066666,1.1186809837962963,1.2793627071018607,0.0,0.0,0.0
88408,5.2709,sel,long,close,-95.0,1.595999999999993,-0.09013239,1.0,5.2541,0.0,,0.07620441262225235,41.18731471199998,11.169514711999966,0.0,12.593899999999966,-1.4243852879999996,41.16951471199998,0.0,1615792693590.0,0.026163140831669925,0.0004321718986650784,1.3729104903999994,1.1190644907407408,1.3273870591248327,0.0,0.0,0.0
88409,5.2729,sel,long,close,-1.0,0.018799999999999706,-0.000949122,0.0,,0.0,,1.0,41.18736558999998,11.187365589999965,0.0,12.612699999999965,-1.4253344099999996,41.18736558999998,0.0,1615792693829.0,0.026163436768019934,0.0,1.3729121863333327,1.1190672569444444,1.3273875951000647,0.0,0.0,0.0
98046,5.3611,buy,long,entry,97.0,0.0,-0.09360480600000001,97.0,5.3611,0.0,,1.0,41.045260783999915,11.093760783999965,0.0,12.612699999999965,-1.5189392159999997,41.093760783999976,4.967256520732644,1615800139959.0,0.029015375373064763,0.001181622410813555,1.368175359466664,1.2052493171296297,1.2970518766640906,0.0,0.0,0.0
98159,5.3782,sel,long,close,-97.0,1.658699999999925,-0.093903372,0.0,,0.0,,0.07659797357785515,42.6585574119999,12.65855741199989,0.0,14.27139999999989,-1.6128425879999997,42.6585574119999,0.0,1615800182823.0,0.029048816180615875,0.0,1.42195191373333,1.2057454282407407,1.3390506535926676,0.0,0.0,0.0
98250,5.3484,buy,long,entry,101.0,0.0,-0.097233912,101.0,5.3484,0.0,,1.0,42.54112349999995,12.56132349999989,0.0,14.27139999999989,-1.7100764999999998,42.5613234999999,4.956741204653666,1615800223155.0,0.02907574638846677,0.000474834662040671,1.4180374499999984,1.2062122337962964,1.3358429380174761,0.0,0.0,0.0
102419,5.3655,sel,long,close,-101.0,1.7271000000000116,-0.09754478999999999,0.0,,0.0,,0.07637215282419678,44.190878709999915,14.190878709999902,0.0,15.9984999999999,-1.8076212899999997,44.190878709999915,0.0,1615802267438.0,0.03030950503165779,0.0,1.4730292903333304,1.2298729166666666,1.3701602148888161,0.0,0.0,0.0
111177,5.4757,buy,long,entry,102.0,0.0,-0.100533852,102.0,5.4757,0.0,,1.0,44.08014485799994,14.090344857999902,0.0,15.9984999999999,-1.9081551419999998,44.090344857999916,5.073885027241883,1615809963025.0,0.03290131558504397,0.00023139669873668912,1.4693381619333314,1.318942210648148,1.3387791237767053,0.0,0.0,0.0
113338,5.4932,sel,long,close,-102.0,1.7850000000000072,-0.10085515199999999,0.0,,0.0,,0.0764679600943059,45.774489705999926,15.77448970599991,0.0,17.783499999999908,-2.009010294,45.774489705999926,0.0,1615811654119.0,0.033540834037415236,0.0,1.5258163235333309,1.3385150578703704,1.371178217471285,0.0,0.0,0.0
120875,5.65,buy,long,entry,103.0,0.0,-0.10475100000000001,103.0,5.65,0.0,,1.0,45.62853870599993,15.66973870599991,0.0,17.783499999999908,-2.1137612939999997,45.669738705999926,5.238032674630307,1615819174151.0,0.035771306307439396,0.0009029436657058393,1.5209512901999978,1.4255524652777778,1.3419943462336106,0.0,0.0,0.0
120911,5.668,sel,long,close,-102.0,1.835999999999979,-0.10406448,1.0,5.65,0.0,,0.07589134564230143,47.419874225999905,17.40167422599989,0.0,19.61949999999989,-2.2178257739999996,47.401674225999905,0.0,1615819186678.0,0.03578196001603975,0.0003838053199647947,1.5806624741999968,1.4256974537037037,1.3786942976977872,0.0,0.0,0.0
120912,5.6702,sel,long,close,-1.0,0.020199999999999996,-0.0010206360000000001,0.0,,0.0,,1.0,47.42085358999991,17.42085358999989,0.0,19.639699999999888,-2.2188464099999994,47.42085358999991,0.0,1615819187006.0,0.03578225595238976,0.0,1.5806951196666637,1.42570125,1.378713090759889,0.0,0.0,0.0
150036,5.6972,buy,long,entry,106.0,0.0,-0.108702576,106.0,5.6972,0.0,,1.0,47.269751013999915,17.31215101399989,0.0,19.639699999999888,-2.327548985999999,47.31215101399991,5.282554278368323,1615846987175.0,0.044401106210076334,0.0008969795501447833,1.5756583671333304,1.7474624652777777,1.2971772223274454,0.0,0.0,0.0
150742,5.7154,sel,long,close,-105.0,1.9110000000000227,-0.10802106,1.0,5.6972,0.0,,0.0757817453035808,49.133629953999936,19.115129953999915,0.0,21.55069999999991,-2.435570045999999,49.11512995399993,0.0,1615847434700.0,0.04461003727318329,0.00037652418551861944,1.6377876651333312,1.7526421527777778,1.3250990457380407,0.0,0.0,0.0
150744,5.7175,sel,long,close,-1.0,0.02030000000000065,-0.0010291500000000002,0.0,,0.0,,1.0,49.13440080399993,19.134400803999917,0.0,21.570999999999913,-2.436599195999999,49.13440080399993,0.0,1615847434700.0,0.044610629145883304,0.0,1.6378133601333311,1.7526421527777778,1.3251109073756522,0.0,0.0,0.0
155383,5.665,buy,long,entry,110.0,0.0,-0.112167,110.0,5.665,0.0,,1.0,48.802233803999954,19.022233803999917,0.0,21.570999999999913,-2.548766195999999,49.02223380399993,5.250848419571978,1615852258174.0,0.045983477873578954,0.004507990369529884,1.6267411267999985,1.808469398148148,1.3087278216676879,0.0,0.0,0.0
155455,5.6831,sel,long,close,-110.0,1.9909999999999517,-0.11252538,0.0,,0.0,,0.07672520404206327,50.90070842399988,20.90070842399987,0.0,23.561999999999863,-2.661291575999999,50.90070842399988,0.0,1615852314192.0,0.04600478529077966,0.0,1.696690280799996,1.8091177546296295,1.3394117710704914,0.0,0.0,0.0
156381,5.6235,buy,long,entry,115.0,0.0,-0.11640645000000001,115.0,5.6235,0.0,,1.0,50.772801973999904,20.78430197399987,0.0,23.561999999999863,-2.777698025999999,50.78430197399988,5.213176432735545,1615852929065.0,0.046278822350888774,0.0002264992191265267,1.6924267324666635,1.8162343402777779,1.3360268751344366,0.0,0.0,0.0
156397,5.6414,sel,long,close,-114.0,2.040600000000003,-0.115761528,1.0,5.6235,0.0,,0.07598921768632105,52.727540445999885,22.709140445999875,0.0,25.602599999999867,-2.893459553999999,52.709140445999886,0.0,1615852929107.0,0.04628355733248893,0.00034896374540443114,1.7575846815333296,1.8162348263888888,1.3641067064073615,0.0,0.0,0.0
156453,5.6414,sel,long,close,-1.0,0.017900000000000027,-0.001015452,0.0,,0.0,,1.0,52.726024993999886,22.726024993999875,0.0,25.62049999999987,-2.894475005999999,52.726024993999886,0.0,1615852936824.0,0.046300129768089476,0.0,1.7575341664666628,1.8163241435185185,1.3640642932114007,0.0,0.0,0.0
158996,5.5872,buy,long,entry,120.0,0.0,-0.12068352000000002,120.0,5.5872,0.0,,1.0,52.581341473999835,22.605341473999875,0.0,25.62049999999987,-3.015158525999999,52.605341473999886,5.179901563765931,1615854699657.0,0.0470526959061645,0.0004564356733256425,1.7527113824666611,1.8367273032407407,1.357335822630299,0.0,0.0,0.0
182483,5.605,sel,long,close,-119.0,2.118200000000031,-0.1200591,1.0,5.5872,0.0,,0.07604053302309396,54.622482373999915,24.603482373999906,0.0,27.7386999999999,-3.1352176259999993,54.60348237399992,0.0,1615877309719.0,0.05400335295884561,0.0003478421187434403,1.8207494124666639,2.098417835648148,1.3305221107808665,0.0,0.0,0.0
182503,5.6072,sel,long,close,-1.0,0.019999999999999574,-0.001009296,0.0,,0.0,,1.0,54.62247307799991,24.622473077999906,0.0,27.758699999999898,-3.136226921999999,54.62247307799991,0.0,1615877315947.0,0.05400927168584581,0.0,1.8207491025999971,2.0984899189814814,1.3305089513091688,0.0,0.0,0.0
216108,5.4725,buy,long,entry,127.0,0.0,-0.12510135000000003,127.0,5.4725,0.0,,1.0,54.44657172799992,24.497371727999905,0.0,27.758699999999898,-3.261328271999999,54.49737172799991,5.073829815681491,1615915706143.0,0.06395421272792648,0.0009330247688280193,1.8148857242666638,2.5428208912037036,1.2641427366401536,0.0,0.0,0.0
216360,5.49,sel,long,close,-126.0,2.205000000000009,-0.1245132,1.0,5.4725,0.0,,0.07597344460362566,56.596358527999925,26.577858527999915,0.0,29.963699999999907,-3.385841471999999,56.57785852799992,0.0,1615915839652.0,0.06402878868812896,0.00032687615389337393,1.8865452842666641,2.5443661342592594,1.2833472046520333,0.0,0.0,0.0
216362,5.492,sel,long,close,-1.0,0.01949999999999985,-0.00098856,0.0,,0.0,,1.0,56.59636996799992,26.596369967999916,0.0,29.983199999999908,-3.3868300319999993,56.59636996799992,0.0,1615915840587.0,0.06402938056082898,0.0,1.8865456655999973,2.5443769560185183,1.2833459449045133,0.0,0.0,0.0
216744,5.4387,buy,long,entry,132.0,0.0,-0.129223512,132.0,5.4387,0.0,,1.0,56.42754645599989,26.467146455999917,0.0,29.983199999999908,-3.516053543999999,56.46714645599992,5.041165580940188,1615916083076.0,0.06414242824653274,0.000701784899169896,1.8809182151999964,2.5471835416666666,1.2814893892037131,0.0,0.0,0.0
216837,5.456,sel,long,close,-131.0,2.2663000000000704,-0.12865248,1.0,5.4387,0.0,,0.07606656996807523,58.62229397599999,28.604793975999986,0.0,32.249499999999976,-3.644706023999999,58.60479397599999,0.0,1615916117616.0,0.06416995032708366,0.0002985212418873067,1.9540764658666663,2.547583310185185,1.3007773310764534,0.0,0.0,0.0
216841,5.456,sel,long,close,-1.0,0.017300000000000537,-0.0009820800000000002,0.0,,0.0,,1.0,58.62111189599999,28.621111895999984,0.0,32.266799999999975,-3.645688103999999,58.62111189599999,0.0,1615916121244.0,0.06417113407248369,0.0,1.9540370631999997,2.547625300925926,1.3007613976186931,0.0,0.0,0.0
258286,5.6479,buy,long,entry,132.0,0.0,-0.134194104,132.0,5.6479,0.0,,1.0,58.40771779200006,28.486917791999986,0.0,32.266799999999975,-3.779882207999999,58.486917791999986,5.236234697640388,1615973900683.0,0.0764362160986415,0.0013559851847314759,1.9469239264000018,3.2163688078703703,1.2301593781022977,0.0,0.0,0.0
258499,5.6659,sel,long,close,-131.0,2.357999999999973,-0.133601922,1.0,5.6479,0.0,,0.07586616938628199,60.72951586999996,30.711315869999957,0.0,34.62479999999995,-3.913484129999999,60.71131586999996,0.0,1615973948461.0,0.0764992505411936,0.00029968952887686224,2.0243171956666655,3.2169217939814816,1.2451124697235914,0.0,0.0,0.0
258502,5.6681,sel,long,close,-1.0,0.020199999999999996,-0.001020258,0.0,,0.0,,1.0,60.730495611999956,30.730495611999956,0.0,34.64499999999995,-3.9145043879999992,60.730495611999956,0.0,1615973948461.0,0.07650013835024363,0.0,2.024349853733332,3.2169217939814816,1.2451187139346256,0.0,0.0,0.0
259152,5.6034,buy,long,entry,138.0,0.0,-0.139188456,138.0,5.6034,0.0,,1.0,60.42570715599997,30.591307155999957,0.0,34.64499999999995,-4.0536928439999995,60.59130715599996,5.195505590382877,1615974304195.0,0.07669249697775002,0.0027405554323502905,2.0141902385333323,3.2210390856481483,1.2428269980816165,0.0,0.0,0.0
262058,5.6213,sel,long,close,-137.0,2.4523000000000037,-0.138621258,1.0,5.6034,0.0,,0.07584524975846661,62.92348589799996,32.90498589799996,0.0,37.097299999999954,-4.192314101999999,62.90498589799996,0.0,1615976305445.0,0.07755248801087862,0.00029400786901717245,2.097449529933332,3.244201701388889,1.2564896471606937,0.0,0.0,0.0
262065,5.6213,sel,long,close,-1.0,0.017900000000000027,-0.001011834,0.0,,0.0,,1.0,62.92187406399996,32.92187406399996,0.0,37.11519999999995,-4.193325935999999,62.92187406399996,0.0,1615976313813.0,0.0775545595653287,0.0,2.097395802133332,3.244298553240741,1.2564711620619027,0.0,0.0,0.0
264457,5.5441,buy,long,entry,144.0,0.0,-0.14370307200000002,144.0,5.5441,0.0,,1.0,62.749370991999896,32.77817099199996,0.0,37.11519999999995,-4.337029007999999,62.77817099199996,5.138974325173262,1615979974070.0,0.07826243931455222,0.0004589687441445839,2.0916456997333297,3.286662638888889,1.2517330478771485,0.0,0.0,0.0
265634,5.5618,sel,long,close,-143.0,2.5310999999999435,-0.143160732,1.0,5.5441,0.0,,0.07607300746601792,65.1841102599999,35.1661102599999,0.0,39.6462999999999,-4.480189739999999,65.1661102599999,0.0,1615981127621.0,0.07861075639851381,0.00027614091729110166,2.1728036753333297,3.300013923611111,1.2651062155785906,0.0,0.0,0.0
265746,5.5618,sel,long,close,-1.0,0.017699999999999605,-0.001001124,0.0,,0.0,,1.0,65.1828091359999,35.1828091359999,0.0,39.663999999999895,-4.481190863999999,65.1828091359999,0.0,1615981187660.0,0.0786439012697149,0.0,2.17276030453333,3.3007088194444445,1.2650359349162394,0.0,0.0,0.0
356662,5.6572,buy,long,entry,146.0,0.0,-0.148671216,146.0,5.6572,0.0,,1.0,65.00493791999997,35.0341379199999,0.0,39.663999999999895,-4.62986208,65.0341379199999,5.243220019293846,1616094168020.0,0.10554925046720952,0.000449196644659021,2.1668312639999994,4.608351875,1.1826960456015883,0.0,0.0,0.0
356768,5.6752,sel,long,close,-146.0,2.6280000000000996,-0.149144256,0.0,,0.0,,0.07616597316644433,67.512993664,37.512993664,0.0,42.291999999999994,-4.779006335999999,67.512993664,0.0,1616094179343.0,0.10558061972031056,0.0,2.2504331221333334,4.608482928240741,1.1924457437767222,0.0,0.0,0.0
371536,5.562,buy,long,entry,154.0,0.0,-0.15417864,154.0,5.562,0.0,,1.0,67.189415024,37.358815024,0.0,42.291999999999994,-4.933184975999999,67.35881502400001,5.155538327210014,1616112529528.0,0.10995100773725587,0.0025212304637493967,2.2396471674666665,4.820869328703703,1.1820565924663862,0.0,0.0,0.0
371629,5.5797,sel,long,close,-153.0,2.7080999999999396,-0.153664938,1.0,5.562,0.0,,0.07610151478262175,69.93145008599994,39.91325008599994,0.0,45.00009999999993,-5.086849913999999,69.91325008599995,0.0,1616112571029.0,0.10997852981780679,0.0002602548635501081,2.331048336199998,4.821349664351851,1.1918843176123268,0.0,0.0,0.0
371633,5.5819,sel,long,close,-1.0,0.019899999999999807,-0.001004742,0.0,,0.0,,1.0,69.93214534399995,39.93214534399994,0.0,45.01999999999993,-5.087854655999999,69.93214534399995,0.0,1616112571039.0,0.10997971356320682,0.0,2.331071511466665,4.821349780092593,1.191886770337085,0.0,0.0,0.0
372318,5.5203,buy,long,entry,161.0,0.0,-0.159978294,161.0,5.5203,0.0,,1.0,69.72386704999992,39.77216704999994,0.0,45.01999999999993,-5.247832949999999,69.77216704999995,5.117638332791782,1616113046219.0,0.11018242996296357,0.0006927326616205812,2.324128901666664,4.826849548611111,1.1909122578585214,0.0,0.0,0.0
373809,5.5379,sel,long,close,-160.0,2.815999999999974,-0.15949152,1.0,5.5203,0.0,,0.07595501637835031,72.44667552999992,42.428675529999914,0.0,47.835999999999906,-5.407324469999999,72.42867552999992,0.0,1616114111229.0,0.11062367106082824,0.0002484586058410223,2.414889184333331,4.839176053240741,1.1998431128080795,0.0,0.0,0.0
373811,5.54,sel,long,close,-1.0,0.019700000000000273,-0.0009972000000000002,0.0,,0.0,,1.0,72.44737832999992,42.447378329999914,0.0,47.855699999999906,-5.4083216699999985,72.44737832999992,0.0,1616114111256.0,0.11062426293352826,0.0,2.4149126109999974,4.839176365740741,1.1998455039658933,0.0,0.0,0.0
461094,5.7701,buy,long,entry,160.0,0.0,-0.16617888,160.0,5.7701,0.0,,1.0,72.26519944999981,42.28119944999992,0.0,47.855699999999906,-5.574500549999999,72.28119944999992,5.350445174484407,1616248549088.0,0.13645447537143712,0.00022140670920274975,2.4088399816666604,6.3951697916666665,1.1473675185612422,0.0,0.0,0.0
461621,5.7885,sel,long,close,-159.0,2.9255999999999602,-0.16566687,1.0,5.7701,0.0,,0.07570867820332602,75.05973257999989,45.041132579999875,0.0,50.78129999999987,-5.740167419999999,75.04113257999988,0.0,1616248772460.0,0.13661043382789229,0.0002478026414520223,2.5019910859999963,6.397755115740741,1.1541280229710884,0.0,0.0,0.0
461628,5.7907,sel,long,close,-1.0,0.02059999999999995,-0.001042326,0.0,,0.0,,1.0,75.06069025399988,45.06069025399987,0.0,50.80189999999987,-5.741209745999999,75.06069025399988,0.0,1616248776029.0,0.13661250538234238,0.0,2.502023008466663,6.397796423611111,1.1541292564132317,0.0,0.0,0.0
492171,5.7121,buy,long,entry,167.0,0.0,-0.171705726,167.0,5.7121,0.0,,1.0,74.77208452799985,44.888984527999874,0.0,50.80189999999987,-5.912915471999999,74.88898452799988,5.295435580380487,1616284940869.0,0.1456512893206929,0.0015634176944238336,2.492402817599995,6.816370960648148,1.1433682496129136,0.0,0.0,0.0
492849,5.7303,sel,long,close,-166.0,3.0211999999998884,-0.17122136400000001,1.0,5.7121,0.0,,0.07601759166992594,77.75796316399978,47.73896316399976,0.0,53.823099999999755,-6.084136835999999,77.73896316399977,0.0,1616285127412.0,0.14585193416599956,0.0002443479642069899,2.5919321054666593,6.818530023148148,1.149904304718967,0.0,0.0,0.0
492853,5.7325,sel,long,close,-1.0,0.02039999999999953,-0.00103185,0.0,,0.0,,1.0,77.75833131399978,47.75833131399976,0.0,53.84349999999976,-6.085168685999999,77.75833131399978,0.0,1616285128178.0,0.14585311791139963,0.0,2.5919443771333257,6.818538888888889,1.14990489433102,0.0,0.0,0.0
520324,5.5247,buy,long,entry,179.0,0.0,-0.178005834,179.0,5.5247,0.0,,1.0,77.4729254799997,47.580325479999765,0.0,53.84349999999976,-6.26317452,77.58032547999977,5.122022495419445,1616319760042.0,0.15398278538251992,0.0013862907504092596,2.5824308493333232,7.219370648148148,1.1404405792985248,0.0,0.0,0.0
522686,5.5423,sel,long,close,-178.0,3.132799999999971,-0.17757529200000002,1.0,5.5247,0.0,,0.0758475578414684,80.55325018799975,50.53555018799973,0.0,56.976299999999725,-6.440749812,80.53555018799975,0.0,1616321910104.0,0.15468178704124316,0.0002197304262546287,2.6851083395999917,7.244255625,1.1460777035986345,0.0,0.0,0.0
522692,5.5444,sel,long,close,-1.0,0.019700000000000273,-0.000997992,0.0,,0.0,,1.0,80.55425219599975,50.55425219599973,0.0,56.995999999999725,-6.441747804,80.55425219599975,0.0,1616321910104.0,0.15468356265934322,0.0,2.6851417398666584,7.244255625,1.1460796715125172,0.0,0.0,0.0
559885,5.4976,buy,long,entry,186.0,0.0,-0.18405964800000002,186.0,5.4976,0.0,,1.0,80.27719254799963,50.37019254799973,0.0,56.995999999999725,-6.625807452,80.37019254799975,5.096078662577618,1616373901229.0,0.1656903233252592,0.0011584859540835375,2.6759064182666545,7.846004756944445,1.1336594778552076,0.0,0.0,0.0
559920,5.5151,sel,long,close,-185.0,3.237500000000013,-0.18365283000000004,1.0,5.4976,0.0,,0.07642925394584477,83.42403971799976,53.42403971799974,0.0,60.23349999999974,-6.809460282,83.42403971799976,0.0,1616373917254.0,0.16570068109750954,0.0,2.7808013239333254,7.846190231481481,1.1392253348776054,0.0,0.0,0.0
559920,5.5172,sel,long,close,-1.0,0.019599999999999618,-0.000993096,0.0,,0.0,,0.07642925394584477,83.44264662199976,53.44264662199974,0.0,60.25309999999973,-6.810453378,83.44264662199976,0.0,1616373917254.0,0.16570068109750954,0.0,2.7814215540666587,7.846190231481481,1.1392577159662725,0.0,0.0,0.0
560155,5.4819,buy,long,entry,194.0,0.0,-0.19142794800000004,194.0,5.4819,0.0,,1.0,83.11541867399973,53.251218673999745,0.0,60.25309999999973,-7.001881326,83.25121867399976,5.083269624582548,1616374186070.0,0.16577022613976186,0.0016338725373287784,2.770513955799991,7.849301527777778,1.1386287106125794,0.0,0.0,0.0
560455,5.4994,sel,long,close,-193.0,3.3774999999998423,-0.191049156,1.0,5.4819,0.0,,0.07573554955042941,86.45556951799959,56.43766951799959,0.0,63.630599999999575,-7.192930482,86.4376695179996,0.0,1616374542197.0,0.1658590070447648,0.00020704276311858287,2.8818523172666533,7.853423368055555,1.144277561384958,0.0,0.0,0.0
560467,5.4994,sel,long,close,-1.0,0.017499999999999183,-0.000989892,0.0,,0.0,,1.0,86.4541796259996,56.454179625999586,0.0,63.64809999999957,-7.193920374,86.4541796259996,0.0,1616374555724.0,0.16586255828096494,0.0,2.88180598753332,7.853579930555555,1.1442721446603956,0.0,0.0,0.0
588752,5.5346,buy,long,entry,199.0,0.0,-0.19824937200000003,199.0,5.5346,0.0,,1.0,86.23603025399964,56.25593025399959,0.0,63.64809999999957,-7.392169746,86.2559302539996,5.131944782999507,1616420505015.0,0.17423311794099325,0.0002307620137584789,2.874534341799988,8.385400428240741,1.1341915742189481,0.0,0.0,0.0
588939,5.5523,sel,long,close,-198.0,3.5045999999999218,-0.197883972,1.0,5.5346,0.0,,0.07577488735218775,89.58074628199952,59.562646281999506,0.0,67.1526999999995,-7.590053718,89.56264628199952,0.0,1616420649100.0,0.1742884580384451,0.00020205234663959302,2.986024876066651,8.387068078703704,1.1393205947380212,0.0,0.0,0.0
588943,5.5544,sel,long,close,-1.0,0.01980000000000004,-0.000999792,0.0,,0.0,,1.0,89.58144648999952,59.58144648999951,0.0,67.1724999999995,-7.59105351,89.58144648999952,0.0,1616420649745.0,0.17428964178384512,0.0,2.9860482163333173,8.387075543981481,1.1393215242752468,0.0,0.0,0.0
604230,5.4034,buy,long,entry,211.0,0.0,-0.20522113200000003,211.0,5.4034,0.0,,1.0,89.29182535799934,59.37622535799951,0.0,67.1724999999995,-7.796274642,89.37622535799952,5.009875245034189,1616440044457.0,0.17881362076644555,0.0009452153056764863,2.976394178599978,8.611551377314814,1.1350275439869149,0.0,0.0,0.0
604294,5.4206,sel,long,close,-210.0,3.6119999999999752,-0.20489868000000003,1.0,5.4034,0.0,,0.0759245144269688,92.8014266779995,62.78332667799948,0.0,70.78449999999948,-8.001173322,92.7833266779995,0.0,1616440056658.0,0.17883256069284617,0.0001950401049631167,3.09338088926665,8.611692592592593,1.1401177584268622,0.0,0.0,0.0
604307,5.4206,sel,long,close,-1.0,0.017199999999999882,-0.0009757080000000002,0.0,,0.0,,1.0,92.7995509699995,62.79955096999948,0.0,70.80169999999949,-8.00214903,92.7995509699995,0.0,1616440067570.0,0.1788364078653963,0.0,3.09331836566665,8.61181888888889,1.1401128899719652,0.0,0.0,0.0
606706,5.3205,buy,long,entry,222.0,0.0,-0.21260718000000003,222.0,5.3205,0.0,,1.0,92.56474378999954,62.58694378999948,0.0,70.80169999999949,-8.214756210000001,92.5869437899995,4.933039934245113,1616441028051.0,0.1795463591690699,0.00023983213360715636,3.085491459666651,8.62293556712963,1.139585305189289,0.0,0.0,0.0
606734,5.3375,sel,long,close,-221.0,3.757000000000077,-0.21232575000000004,1.0,5.3205,0.0,,0.07588094373557758,96.14921803999957,66.13161803999955,0.0,74.55869999999956,-8.42708196,96.13161803999957,0.0,1616441028543.0,0.1795546453868702,0.00018304881057565898,3.2049739346666524,8.622941261574073,1.1446173403103497,0.0,0.0,0.0
606738,5.3395,sel,long,close,-1.0,0.019000000000000128,-0.00096111,0.0,,0.0,,1.0,96.14965692999957,66.14965692999955,0.0,74.57769999999957,-8.428043070000001,96.14965692999957,0.0,1616441028549.0,0.17955582913227022,0.0,3.204988564333319,8.622941331018518,1.1446179449833769,0.0,0.0,0.0
613600,5.1962,buy,long,entry,235.0,0.0,-0.21979926,235.0,5.1962,0.0,,1.0,95.90635766999962,65.92985766999955,0.0,74.57769999999957,-8.647842330000001,95.92985766999956,4.816889174750633,1616445814071.0,0.18158654436603774,0.0002450306796219068,3.1968785889999873,8.678329317129629,1.1432977988865956,0.0,0.0,0.0
628120,5.2128,sel,long,close,-234.0,3.884399999999884,-0.21956313600000002,1.0,5.1962,0.0,,0.07596747017003339,99.61139453399944,69.59469453399943,0.0,78.46209999999945,-8.867405466000001,99.59469453399944,0.0,1616452306636.0,0.18588354016818062,0.0001676515029041191,3.3203798177999815,8.75347474537037,1.146939927189127,0.0,0.0,0.0
628201,5.2128,sel,long,close,-1.0,0.016599999999999504,-0.000938304,0.0,,0.0,,1.0,99.61035622999944,69.61035622999943,0.0,78.47869999999945,-8.868343770000001,99.61035622999944,0.0,1616452329609.0,0.18590751101253142,0.0,3.320345207666648,8.753740636574074,1.1469337852991386,0.0,0.0,0.0
644728,5.231,buy,long,entry,242.0,0.0,-0.22786236,242.0,5.231,0.0,,1.0,99.3582938699995,69.38249386999942,0.0,78.47869999999945,-9.09620613,99.38249386999944,4.849425088256816,1616468124975.0,0.19079845106914406,0.0002435629584340468,3.3119431289999834,8.936557372685185,1.143397473960405,0.0,0.0,0.0
644789,5.2477,sel,long,close,-241.0,4.024700000000038,-0.227645226,1.0,5.231,0.0,,0.07594796336569817,103.19654864399948,73.17954864399945,0.0,82.50339999999949,-9.323851356,103.17954864399948,0.0,1616468178972.0,0.19081650318649465,0.00016473419143736448,3.439884954799983,8.937182337962962,1.1482462076594742,0.0,0.0,0.0
644795,5.2497,sel,long,close,-1.0,0.01869999999999994,-0.000944946,0.0,,0.0,,1.0,103.19730369799949,73.19730369799946,0.0,82.52209999999948,-9.324796302000001,103.19730369799949,0.0,1616468185394.0,0.1908182788045947,0.0,3.4399101232666496,8.937256666666666,1.1482458275876193,0.0,0.0,0.0
652004,5.0639,buy,long,entry,259.0,0.0,-0.23607901800000003,259.0,5.0639,0.0,,1.0,102.93532467999933,72.96122467999946,0.0,82.52209999999948,-9.560875320000001,102.96122467999949,4.694533515067239,1616477063507.0,0.19295168395181564,0.00025161430325964585,3.4311774893333107,9.040012604166666,1.1461207046557988,0.0,0.0,0.0
653106,5.0801,sel,long,close,-258.0,4.179599999999883,-0.23591984400000002,1.0,5.0639,0.0,,0.07602473723286896,106.92180483599938,76.90490483599935,0.0,86.70169999999936,-9.796795164,106.90490483599937,0.0,1616477633296.0,0.1932778058095265,0.00015805943442433136,3.5640601611999796,9.046607384259259,1.1508302587890928,0.0,0.0,0.0
653121,5.082,sel,long,close,-1.0,0.01809999999999956,-0.00091476,0.0,,0.0,,1.0,106.92209007599938,76.92209007599935,0.0,86.71979999999937,-9.797709924000001,106.92209007599938,0.0,1616477649793.0,0.19328224485477663,0.0,3.5640696691999794,9.04679832175926,1.1508271859613775,0.0,0.0,0.0
673113,4.9295,buy,long,entry,276.0,0.0,-0.24489756000000001,276.0,4.9295,0.0,,1.0,106.62199251599927,76.67719251599935,0.0,86.71979999999937,-10.042607484000001,106.67719251599938,4.570410898302862,1616500612102.0,0.19919860436417336,0.0005177168302480358,3.5540664171999756,9.312565787037038,1.1458767172134048,0.0,0.0,0.0
673215,4.9452,sel,long,close,-275.0,4.317499999999952,-0.2447874,1.0,4.9295,0.0,,0.07605003471013179,110.76700511599932,80.7499051159993,0.0,91.03729999999932,-10.287394884000001,110.74990511599933,0.0,1616500667367.0,0.19922878987187437,0.0001543781018733103,3.6922335038666443,9.31320542824074,1.1505681361575262,0.0,0.0,0.0
673217,4.9452,sel,long,close,-1.0,0.015699999999999825,-0.000890136,0.0,,0.0,,1.0,110.76471497999933,80.7647149799993,0.0,91.05299999999932,-10.288285020000002,110.76471497999933,0.0,1616500667596.0,0.19922938174457439,0.0,3.6921571659999777,9.313208078703704,1.150565535955453,0.0,0.0,0.0
700693,5.2247,buy,long,entry,270.0,0.0,-0.25392042000000004,270.0,5.2247,0.0,,1.0,110.45679455999921,80.5107945599993,0.0,91.05299999999932,-10.542205440000002,110.51079455999933,4.844467566286611,1616527528610.0,0.20736052889744475,0.0004888789342043,3.6818931519999736,9.624099444444445,1.1450332379270722,0.0,0.0,0.0
700877,5.2414,sel,long,close,-268.0,4.475599999999805,-0.25284513599999997,2.0,5.2247,0.0,,0.07581839289444457,114.76794942399914,84.73354942399911,0.0,95.52859999999912,-10.795050576000001,114.73354942399914,0.0,1616527584115.0,0.20741498118584656,0.00029973524989034705,3.8255983141333045,9.624741863425927,1.1495869304737734,0.0,0.0,0.0
701445,5.2414,sel,long,close,-2.0,0.03339999999999854,-0.001886904,0.0,,0.0,,1.0,114.76506251999913,84.7650625199991,0.0,95.56199999999912,-10.79693748,114.76506251999913,0.0,1616528209728.0,0.20758307303265214,0.0,3.825502083999971,9.631982754629629,1.1494634620003985,0.0,0.0,0.0
714946,5.0152,buy,long,entry,291.0,0.0,-0.262696176,291.0,5.0152,0.0,,1.0,114.32776634399902,84.5023663439991,0.0,95.56199999999912,-11.059633656,114.50236634399913,4.649618790599269,1616545586043.0,0.211578509694135,0.0015271880627385002,3.810925544799967,9.833097511574074,1.1457484037453936,0.0,0.0,0.0
715160,5.0312,sel,long,close,-290.0,4.640000000000004,-0.26262864,1.0,5.0152,0.0,,0.07593481515208197,118.89623770399912,88.8797377039991,0.0,100.20199999999912,-11.322262296000002,118.87973770399913,0.0,1616545720866.0,0.2116418400730371,0.00013877646861351053,3.9632079234666375,9.834657962962963,1.1502973859936612,0.0,0.0,0.0
715270,5.0312,sel,long,close,-1.0,0.016000000000000014,-0.000905616,0.0,,0.0,,1.0,118.89483208799912,88.89483208799909,0.0,100.21799999999912,-11.323167912000002,118.89483208799912,0.0,1616545825865.0,0.21167439307153818,0.0,3.9631610695999706,9.835873229166667,1.150276103255101,0.0,0.0,0.0
755478,5.266,buy,long,entry,287.0,0.0,-0.27204156,287.0,5.266,0.0,,1.0,118.59409052799919,88.62279052799909,0.0,100.21799999999912,-11.595209472000002,118.62279052799911,4.881972004402726,1616600132265.0,0.2235734018327338,0.0002420019401654225,3.953136350933306,10.464419525462963,1.140367686833967,0.0,0.0,0.0
757168,5.2828,sel,long,close,-286.0,4.804799999999979,-0.271958544,1.0,5.266,0.0,,0.07590914169927578,123.17263198399908,93.15563198399906,0.0,105.02279999999911,-11.867168016000003,123.15563198399909,0.0,1616601637376.0,0.22407353426425045,0.00013801767264504274,4.105754399466636,10.481839791666667,1.144246492879851,0.0,0.0,0.0
757174,5.2848,sel,long,close,-1.0,0.018799999999999706,-0.0009512640000000001,0.0,,0.0,,1.0,123.17348071999909,93.17348071999906,0.0,105.04159999999911,-11.868119280000002,123.17348071999909,0.0,1616601639979.0,0.2240753098823505,0.0,4.105782690666636,10.48186991898148,1.1442468019299035,0.0,0.0,0.0
771232,4.8641,buy,long,entry,322.0,0.0,-0.281923236,322.0,4.8641,0.0,,1.0,122.76275748399911,92.89155748399907,0.0,105.04159999999911,-12.150042516000003,122.8915574839991,4.509506237786973,1616617084030.0,0.22823558309078884,0.00104917812730601,4.092091916133303,10.660620509259259,1.1413068310479249,0.0,0.0,0.0
771279,4.8796,sel,long,close,-321.0,4.9755000000000935,-0.281943288,1.0,4.8641,0.0,,0.07609124592042991,127.60191419599919,97.58511419599915,0.0,110.0170999999992,-12.431985804000004,127.58511419599918,0.0,1616617085550.0,0.2282494920992393,0.00013165946691205848,4.25339713986664,10.660638101851852,1.1454531386185887,0.0,0.0,0.0
771283,4.8815,sel,long,close,-1.0,0.017400000000000304,-0.00087867,0.0,,0.0,,1.0,127.60163552599919,97.60163552599916,0.0,110.0344999999992,-12.432864474000004,127.60163552599919,0.0,1616617085636.0,0.22825067584463934,0.0,4.253387850866639,10.660639097222223,1.145452889441041,0.0,0.0,0.0
772723,4.833,buy,long,entry,336.0,0.0,-0.29229984000000003,336.0,4.833,0.0,,1.0,126.97333568599907,97.30933568599916,0.0,110.0344999999992,-12.725164314000004,127.30933568599919,4.4809891022144805,1616617691207.0,0.2286768241886535,0.0026462248800884405,4.232444522866635,10.667648020833333,1.1448208436787084,0.0,0.0,0.0
772967,4.8484,sel,long,close,-335.0,5.158999999999878,-0.29235852,1.0,4.833,0.0,,0.07589418391122285,132.19197716599905,102.17597716599904,0.0,115.19349999999908,-13.017522834000005,132.17597716599906,0.0,1616617745602.0,0.2287490326580559,0.00012103608965542029,4.406399238866635,10.668277592592593,1.1491421176411873,0.0,0.0,0.0
772974,4.8503,sel,long,close,-1.0,0.01729999999999965,-0.0008730540000000001,0.0,,0.0,,1.0,132.19240411199905,102.19240411199904,0.0,115.21079999999908,-13.018395888000004,132.19240411199905,0.0,1616617747961.0,0.22875110421250597,0.0,4.4064134703999684,10.668304895833334,1.149142056691258,0.0,0.0,0.0
773187,4.8083,buy,long,entry,350.0,0.0,-0.3029229,350.0,4.8083,0.0,,1.0,131.85448121199914,101.88948121199904,0.0,115.21079999999908,-13.321318788000005,131.88948121199905,4.458222244288591,1616617810552.0,0.22881413865505806,0.0002654441447737934,4.395149373733305,10.669029328703704,1.1488555588128984,0.0,0.0,0.0
773239,4.8236,sel,long,close,-348.0,5.3243999999999545,-0.302150304,2.0,4.8083,0.0,,0.07576709905495956,136.94253090799901,106.911730907999,0.0,120.53519999999904,-13.623469092000004,136.91173090799902,0.0,1616617813961.0,0.22882952734525858,0.00022491186482226903,4.564751030266634,10.669068784722223,1.1529392756402976,0.0,0.0,0.0
773246,4.8255,sel,long,close,-2.0,0.034399999999999764,-0.00173718,0.0,,0.0,,1.0,136.94439372799903,106.944393727999,0.0,120.56959999999904,-13.625206272000003,136.94439372799903,0.0,1616617813961.0,0.22883159889970864,0.0,4.564813124266634,10.669068784722223,1.1529407456147398,0.0,0.0,0.0
780223,4.7859,buy,long,entry,364.0,0.0,-0.313572168,364.0,4.7859,0.0,,1.0,136.5944215599991,106.630821559999,0.0,120.56959999999904,-13.938778440000004,136.63082155999902,4.437163581599489,1616624077525.0,0.2308963468137273,0.0002664823320324299,4.553147385333303,10.741563738425926,1.1515595308705253,0.0,0.0,0.0
824988,4.8012,sel,long,close,-362.0,5.538599999999953,-0.31284619199999997,2.0,4.7859,0.0,,0.07597593052905252,141.88877536799896,111.85657536799896,0.0,126.10819999999899,-14.251624632000004,141.85657536799897,0.0,1616666363344.0,0.2441439375219178,0.0002269383178230684,4.729625845599966,11.230982939814815,1.1483814619192432,0.0,0.0,0.0
824993,4.803,sel,long,close,-2.0,0.03420000000000023,-0.00172908,0.0,,0.0,,1.0,141.88904628799898,111.88904628799895,0.0,126.14239999999899,-14.253353712000004,141.88904628799898,0.0,1616666363344.0,0.24414541720366784,0.0,4.7296348762666325,11.230982939814815,1.1483816571557615,0.0,0.0,0.0
831387,4.8029,buy,long,entry,376.0,0.0,-0.32506027200000004,376.0,4.8029,0.0,,1.0,141.07518601599878,111.56398601599895,0.0,126.14239999999899,-14.578413984000004,141.56398601599898,4.453118749689629,1616673356019.0,0.24603763422563074,0.0034648191067758985,4.702506200533293,11.31191667824074,1.1466621993057797,0.0,0.0,0.0
856636,4.8182,sel,long,close,-374.0,5.722199999999951,-0.32436122400000006,2.0,4.8029,0.0,,0.07580965679693887,146.99282479199894,116.96182479199891,0.0,131.86459999999894,-14.902775208000005,146.96182479199894,0.0,1616697922595.0,0.2535097311270292,0.00021089464770727566,4.899760826399965,11.596252048611111,1.1468775841949388,0.0,0.0,0.0
856640,4.8201,sel,long,close,-2.0,0.034399999999999764,-0.001735236,0.0,,0.0,,1.0,146.99448955599894,116.99448955599891,0.0,131.89899999999895,-14.904510444000005,146.99448955599894,0.0,1616697923213.0,0.2535109148724292,0.0,4.899816318533298,11.59625920138889,1.146878607339934,0.0,0.0,0.0
865533,4.7755,buy,long,entry,392.0,0.0,-0.33695928,392.0,4.7755,0.0,,1.0,146.42233027599877,116.65753027599891,0.0,131.89899999999895,-15.241469724000005,146.65753027599894,4.427941295025256,1616712506866.0,0.25614267683306674,0.0016063123674976496,4.880744342533292,11.765051481481482,1.144246508706477,0.0,0.0,0.0
865719,4.7907,sel,long,close,-390.0,5.92800000000004,-0.33630714,2.0,4.7755,0.0,,0.07591433206894073,152.28162313599898,122.24922313599895,0.0,137.82699999999897,-15.577776864000006,152.249223135999,0.0,1616712658565.0,0.2561977209941686,0.00021276368962169453,5.076054104533299,11.766807256944444,1.1480452893400368,0.0,0.0,0.0
865721,4.7926,sel,long,close,-2.0,0.03420000000000023,-0.0017253360000000003,0.0,,0.0,,1.0,152.281697799999,122.28169779999895,0.0,137.86119999999897,-15.579502200000006,152.281697799999,0.0,1616712658565.0,0.2561983128668686,0.0,5.0760565933333,11.766807256944444,1.1480453371770483,0.0,0.0,0.0
865897,4.7563,buy,long,entry,408.0,0.0,-0.34930267200000004,408.0,4.7563,0.0,,1.0,151.85079512799882,121.93239512799896,0.0,137.86119999999897,-15.928804872000006,151.932395127999,4.410378952321777,1616712854053.0,0.25625039766447033,0.000537369593168061,5.061693170933294,11.769069849537036,1.1477384904696335,0.0,0.0,0.0
865993,4.7715,sel,long,close,-406.0,6.171199999999681,-0.34870122,2.0,4.7563,0.0,,0.07574103015177149,157.78589390799868,127.75489390799864,0.0,144.03239999999866,-16.277506092000007,157.75489390799868,0.0,1616712945750.0,0.2562788075540713,0.00019646876683464048,5.25952979693329,11.770131157407407,1.1514689774438205,0.0,0.0,0.0
866064,4.7715,sel,long,close,-2.0,0.03039999999999843,-0.00171774,0.0,,0.0,,1.0,157.7835761679987,127.78357616799863,0.0,144.06279999999865,-16.279223832000007,157.7835761679987,0.0,1616713063511.0,0.256299819034922,0.0,5.25945253893329,11.771494131944445,1.1514487369227253,0.0,0.0,0.0
1007443,5.7786,buy,long,entry,348.0,0.0,-0.36197150400000005,348.0,5.7786,0.0,,1.0,157.1084046639988,127.42160466399864,0.0,144.06279999999865,-16.641195336000006,157.4216046639987,5.358389403478346,1616842963027.0,0.29813900426296314,0.0019935279762385016,5.2369468221332935,13.274960752314815,1.132838516936427,0.0,0.0,0.0
1007964,5.797,sel,long,close,-346.0,6.3663999999999135,-0.36103716,2.0,5.7786,0.0,,0.07567759681938463,163.46396750399862,133.42696750399855,0.0,150.42919999999856,-17.002232496000005,163.4269675039986,0.0,1616843166018.0,0.29829318710131825,0.00022634957761624778,5.448798916799954,13.277310185185184,1.1362020492501577,0.0,0.0,0.0
1007970,5.7992,sel,long,close,-2.0,0.0411999999999999,-0.0020877120000000002,0.0,,0.0,,1.0,163.46607979199862,133.46607979199857,0.0,150.47039999999856,-17.004320208000006,163.46607979199862,0.0,1616843166018.0,0.2982949627194183,0.0,5.448869326399954,13.277310185185184,1.1362031550434937,0.0,0.0,0.0
1060190,6.2734,buy,long,entry,332.0,0.0,-0.374898384,332.0,6.2734,0.0,,1.0,163.05798140799868,133.09118140799856,0.0,150.47039999999856,-17.379218592000008,163.09118140799862,5.817063885093699,1616887225035.0,0.31374875891693216,0.00020360855514864258,5.43526604693329,13.787252511574074,1.130644642167433,0.0,0.0,0.0
1066314,6.2934,sel,long,close,-330.0,6.600000000000152,-0.37382796000000007,2.0,6.2734,0.0,,0.07570288629638532,169.35755344799878,139.31735344799873,0.0,157.07039999999873,-17.753046552000008,169.31735344799878,0.0,1616892601278.0,0.3155610731243924,0.00023736762359608652,5.645251781599959,13.849477546296296,1.1331181891582092,0.0,0.0,0.0
1066321,6.2934,sel,long,close,-2.0,0.040000000000000924,-0.0022656240000000004,0.0,,0.0,,1.0,169.3550878239988,139.35508782399873,0.0,157.11039999999872,-17.755312176000007,169.3550878239988,0.0,1616892603144.0,0.3155631446788425,0.0,5.645169594133293,13.849499143518518,1.133116777179667,0.0,0.0,0.0
1101751,6.2269,buy,long,entry,346.0,0.0,-0.387811332,346.0,6.2269,0.0,,1.0,168.86347649199902,138.96727649199872,0.0,157.11039999999872,-18.143123508000006,168.96727649199877,5.773194436875593,1616933704682.0,0.3260481695596911,0.0006146977555840452,5.628782549733301,14.325211388888889,1.1281950277850485,0.0,0.0,0.0
1101817,6.2468,sel,long,close,-344.0,6.845600000000239,-0.38680185600000005,2.0,6.2269,0.0,,0.07587488204706229,175.46667463599903,145.42607463599896,0.0,163.95599999999897,-18.529925364000007,175.42607463599902,0.0,1616933715683.0,0.32606770135879176,0.00023138296821453752,5.848889154533301,14.325338715277777,1.1312188010941697,0.0,0.0,0.0
1101821,6.2491,sel,long,close,-2.0,0.04440000000000133,-0.0022496760000000004,0.0,,0.0,,1.0,175.46822495999902,145.46822495999896,0.0,164.00039999999896,-18.53217504000001,175.46822495999902,0.0,1616933716297.0,0.3260688851041918,0.0,5.848940831999967,14.325345821759258,1.1312194296021478,0.0,0.0,0.0
1103133,6.1545,buy,long,entry,363.0,0.0,-0.40213503,363.0,6.1545,0.0,,1.0,175.02978992999908,145.06608992999895,0.0,164.00039999999896,-18.93431007000001,175.066089929999,5.706463048456027,1616934062060.0,0.3264571535954047,0.00020739326725149917,5.83432633099997,14.329347708333334,1.1309830003807673,0.0,0.0,0.0
1103251,6.1741,sel,long,close,-361.0,7.075600000000183,-0.40119301800000007,2.0,6.1545,0.0,,0.07592132391041294,181.7820969119992,151.74049691199914,0.0,171.07599999999914,-19.33550308800001,181.7404969119992,0.0,1616934075524.0,0.3264920740847059,0.000228845418259901,6.059403230399973,14.329503541666666,1.133973012608109,0.0,0.0,0.0
1103257,6.1765,sel,long,close,-2.0,0.04400000000000048,-0.00222354,0.0,,0.0,,1.0,181.7822733719992,151.78227337199914,0.0,171.11999999999915,-19.33772662800001,181.7822733719992,0.0,1616934076970.0,0.3264938497028059,0.0,6.059409112399973,14.329520277777778,1.133972922910799,0.0,0.0,0.0
1103482,6.1323,buy,long,entry,377.0,0.0,-0.41613787800000007,377.0,6.1323,0.0,,1.0,181.32843549399928,151.36613549399914,0.0,171.11999999999915,-19.75386450600001,181.3661354939992,5.685334725877816,1616934133052.0,0.32656043538155816,0.00020791002744389365,6.044281183133309,14.330169375,1.1337686756820036,0.0,0.0,0.0
1103678,6.1519,sel,long,close,-375.0,7.35000000000019,-0.41525325,2.0,6.1323,0.0,,0.07588590652485029,188.34068224399937,158.30088224399933,0.0,178.46999999999935,-20.16911775600001,188.30088224399938,0.0,1616934144769.0,0.32661843890616005,0.0002113191877919591,6.278022741466645,14.330304988425926,1.1367731951379905,0.0,0.0,0.0
1103682,6.1542,sel,long,close,-2.0,0.04380000000000095,-0.002215512,0.0,,0.0,,1.0,188.3424667319994,158.34246673199934,0.0,178.51379999999935,-20.17133326800001,188.3424667319994,0.0,1616934146765.0,0.3266196226515601,0.0,6.27808222439998,14.330328090277778,1.1367737118091814,0.0,0.0,0.0
1112140,6.0517,buy,long,entry,396.0,0.0,-0.431365176,396.0,6.0517,0.0,,1.0,187.83190155599922,157.91110155599932,0.0,178.51379999999935,-20.60269844400001,187.91110155599938,5.610842068684837,1616941867066.0,0.3291226522999433,0.00042165361338549937,6.261063385199974,14.419683425925927,1.1356572218691214,0.0,0.0,0.0
1112261,6.071,sel,long,close,-394.0,7.604199999999775,-0.43055531999999996,2.0,6.0517,0.0,,0.07581129141591525,195.12354623599916,165.0847462359991,0.0,186.1179999999991,-21.03325376400001,195.08474623599915,0.0,1616941870329.0,0.3291584605982945,0.00019884837452206308,6.504118207866639,14.41972119212963,1.1386603159196558,0.0,0.0,0.0
1112462,6.071,sel,long,close,-2.0,0.03859999999999886,-0.00218556,0.0,,0.0,,1.0,195.12116067599914,165.12116067599908,0.0,186.15659999999912,-21.03543932400001,195.12116067599914,0.0,1616941910769.0,0.3292179438046465,0.0,6.504038689199971,14.420189247685185,1.1386545513160862,0.0,0.0,0.0
1196710,6.1866,buy,long,entry,402.0,0.0,-0.4476623760000001,402.0,6.1866,0.0,,1.0,194.51269829999913,164.67349829999907,0.0,186.15659999999912,-21.48310170000001,194.67349829999912,5.7367581151085645,1617030996035.0,0.3541499894202755,0.0008266812470617783,6.483756609999971,15.451268715277777,1.1286027474525835,0.0,0.0,0.0
1197002,6.2063,sel,long,close,-399.0,7.8602999999997545,-0.445736466,3.0,6.1866,0.0,,0.07571525688231028,202.14836183399888,172.08806183399884,0.0,194.01689999999888,-21.92883816600001,202.0880618339989,0.0,1617031108252.0,0.3542364028344784,0.00029829576382865393,6.738278727799963,15.452567523148149,1.1314069823725192,0.0,0.0,0.0
1197004,6.2087,sel,long,close,-3.0,0.06630000000000003,-0.0033526980000000003,0.0,,0.0,,1.0,202.1510091359989,172.15100913599883,0.0,194.0831999999989,-21.93219086400001,202.1510091359989,0.0,1617031108309.0,0.3542369947071784,0.0,6.738366971199963,15.45256818287037,1.131407935254698,0.0,0.0,0.0
1238379,6.6213,buy,long,entry,389.0,0.0,-0.463623426,389.0,6.6213,0.0,,1.0,201.57068570999917,171.68738570999884,0.0,194.0831999999989,-22.39581429000001,201.6873857099989,6.139661398442069,1617066134066.0,0.3664813611888355,0.0005789532321560953,6.719022856999972,15.85795888888889,1.127638183205831,0.0,0.0,0.0
1238400,6.6424,sel,long,close,-387.0,8.165700000000218,-0.462709584,2.0,6.6213,0.0,,0.07575585987414098,209.4335761259991,179.39037612599904,0.0,202.2488999999991,-22.85852387400001,209.3903761259991,0.0,1617066134320.0,0.3664875758521857,0.0002062706505762146,6.98111920419997,15.857961828703704,1.1303625236369994,0.0,0.0,0.0
1238421,6.6424,sel,long,close,-2.0,0.042200000000001125,-0.002391264,0.0,,0.0,,1.0,209.4301848619991,179.43018486199904,0.0,202.29109999999912,-22.86091513800001,209.4301848619991,0.0,1617066136129.0,0.36649379051553593,0.0,6.981006162066636,15.857982766203703,1.1303611865374734,0.0,0.0,0.0
1323266,7.0545,buy,long,entry,378.0,0.0,-0.47998818000000004,378.0,7.0545,0.0,,1.0,208.91239668199918,178.95019668199905,0.0,202.29109999999912,-23.34090331800001,208.9501966819991,6.54096750694112,1617119531363.0,0.3916025101321208,0.00018093708463580142,6.963746556066639,16.475983159722222,1.1250086250299753,0.0,0.0,0.0
1324383,7.077,sel,long,close,-376.0,8.459999999999987,-0.47897136,2.0,7.0545,0.0,,0.0759126475366796,216.97882532199907,186.93122532199902,0.0,210.7510999999991,-23.81987467800001,216.93122532199908,0.0,1617120017346.0,0.3919330710350818,0.000219376245259645,7.232627510733303,16.48160796296296,1.1275522257209996,0.0,0.0,0.0
1324389,7.0797,sel,long,close,-2.0,0.05039999999999978,-0.002548692,0.0,,0.0,,1.0,216.97907662999907,186.979076629999,0.0,210.8014999999991,-23.82242337000001,216.97907662999907,0.0,1617120020001.0,0.39193484665318185,0.0,7.2326358876666355,16.48163869212963,1.127552052582646,0.0,0.0,0.0
1404638,7.4502,buy,long,entry,371.0,0.0,-0.497524356,371.0,7.4502,0.0,,1.0,216.44445227399913,186.481552273999,0.0,210.8014999999991,-24.31994772600001,216.48155227399906,6.908140616545637,1617177085531.0,0.4156834428051215,0.00017140656464116225,7.214815075799971,17.142119363425927,1.1221871505643781,0.0,0.0,0.0
1435735,7.4739,sel,long,close,-369.0,8.745300000000267,-0.49641643800000007,2.0,7.4502,0.0,,0.07577220997449499,224.7790358359993,194.73043583599926,0.0,219.54679999999937,-24.81636416400001,224.73043583599932,0.0,1617189887412.0,0.42488617548137747,0.0002162123341228863,7.4926345278666435,17.290289282407407,1.1235316332221477,0.0,0.0,0.0
1435743,7.4768,sel,long,close,-2.0,0.05320000000000036,-0.002691648,0.0,,0.0,,1.0,224.78094418799932,194.78094418799927,0.0,219.59999999999937,-24.81905581200001,224.78094418799932,0.0,1617189887563.0,0.42488854297217754,0.0,7.492698139599978,17.290291030092593,1.1235321716701967,0.0,0.0,0.0
1583168,8.7096,buy,long,entry,329.0,0.0,-0.515782512,329.0,8.7096,0.0,,1.0,224.10066167599913,194.26516167599928,0.0,219.59999999999937,-25.33483832400001,224.26516167599934,8.076401381920705,1617267113531.0,0.4685169593723782,0.0007340451329770462,7.470022055866638,18.184110104166667,1.116931783909628,0.0,0.0,0.0
1584565,8.7373,sel,long,close,-327.0,9.057899999999801,-0.514277478,2.0,8.7096,0.0,,0.0756833741235445,232.86498419799912,202.80878419799907,0.0,228.65789999999916,-25.84911580200001,232.80878419799913,0.0,1617267389335.0,0.46893038245334195,0.00024134156620217489,7.762166139933304,18.18730228009259,1.119268551872668,0.0,0.0,0.0
1584578,8.7407,sel,long,close,-2.0,0.0622000000000007,-0.003146652,0.0,,0.0,,1.0,232.86783754599912,202.86783754599907,0.0,228.72009999999915,-25.852262454000012,232.86783754599912,0.0,1617267396288.0,0.46893422962589204,0.0,7.762261251533304,18.18738275462963,1.1192687479208079,0.0,0.0,0.0
1638112,8.446,buy,long,entry,351.0,0.0,-0.53361828,351.0,8.446,0.0,,1.0,232.2991192659992,202.33421926599905,0.0,228.72009999999915,-26.38588073400001,232.3342192659991,7.831065540634119,1617299789064.0,0.48477688618731885,0.0001510982913358471,7.743303975533307,18.56229914351852,1.1165773250924882,0.0,0.0,0.0
1638326,8.4729,sel,long,close,-349.0,9.388099999999818,-0.532267578,2.0,8.446,0.0,,0.07579508094436413,241.24465168799892,211.19005168799887,0.0,238.10819999999896,-26.91814831200001,241.19005168799893,0.0,1617299815963.0,0.48484021656622095,0.00022632626098839935,8.041488389599964,18.56261047453704,1.1188504558753403,0.0,0.0,0.0
1638718,8.4729,sel,long,close,-2.0,0.05379999999999896,-0.0030502439999999997,0.0,,0.0,,1.0,241.24080144399892,211.24080144399886,0.0,238.16199999999895,-26.92119855600001,241.24080144399892,0.0,1617299935257.0,0.4849562236154248,0.0,8.041360048133297,18.56399119212963,1.1188401487350486,0.0,0.0,0.0
1640823,8.3443,buy,long,entry,368.0,0.0,-0.552726432,368.0,8.3443,0.0,,1.0,240.35687501199905,210.68807501199888,0.0,238.16199999999895,-27.47392498800001,240.68807501199893,7.736676376159132,1617301184884.0,0.4855791696321955,0.0013779510154779127,8.011895833733302,18.578454467592593,1.1185213204242486,0.0,0.0,0.0
1641522,8.3709,sel,long,close,-366.0,9.735600000000066,-0.5514748920000001,2.0,8.3443,0.0,,0.07578736651585428,249.925800119999,219.87220011999895,0.0,247.89759999999902,-28.025399880000013,249.872200119999,0.0,1617301450097.0,0.4857860291408524,0.00021446365270913744,8.330860003999966,18.5815240625,1.1208530340511786,0.0,0.0,0.0
1641533,8.3741,sel,long,close,-2.0,0.05959999999999965,-0.0030146760000000004,0.0,,0.0,,1.0,249.928785443999,219.92878544399895,0.0,247.957199999999,-28.028414556000012,249.928785443999,0.0,1617301455377.0,0.4857892844407025,0.0,8.330959514799966,18.58158517361111,1.1208533340016855,0.0,0.0,0.0
1656949,8.3666,buy,long,entry,380.0,0.0,-0.5722754400000001,380.0,8.3666,0.0,,1.0,249.12851000399885,219.35651000399895,0.0,247.957199999999,-28.60068999600001,249.356510003999,7.756940299682306,1617313148747.0,0.49035143921245417,0.0009151903168227957,8.304283666799963,18.716925104166666,1.1197371568764993,0.0,0.0,0.0
1657253,8.3933,sel,long,close,-378.0,10.09259999999998,-0.571080132,2.0,8.3666,0.0,,0.07591666869001142,258.933229871999,228.87802987199893,0.0,258.049799999999,-29.17177012800001,258.878029871999,0.0,1617313278816.0,0.4904414038628572,0.00021318237148357133,8.631107662399966,18.718430532407407,1.1220384685845317,0.0,0.0,0.0
1657257,8.3965,sel,long,close,-2.0,0.05979999999999919,-0.00302274,0.0,,0.0,,1.0,258.934807131999,228.93480713199892,0.0,258.109599999999,-29.174792868000008,258.934807131999,0.0,1617313278852.0,0.4904425876082572,0.0,8.6311602377333,18.718430949074072,1.122038830842824,0.0,0.0,0.0
1805811,8.3529,buy,long,entry,395.0,0.0,-0.59389119,395.0,8.3529,0.0,,1.0,258.14341594199874,228.34091594199893,0.0,258.109599999999,-29.76868405800001,258.34091594199896,7.74534443129155,1617439434081.0,0.534405116147619,0.0007650785873407432,8.604780531399959,20.178560914351852,1.112559924962177,0.0,0.0,0.0
1806003,8.3795,sel,long,close,-393.0,10.45380000000007,-0.59276583,2.0,8.3529,0.0,,0.07585586244149929,268.25835011199905,238.201950111999,0.0,268.56339999999904,-30.36144988800001,268.20195011199905,0.0,1617439488066.0,0.5344619359268209,0.0002102450864118459,8.941945003733302,20.179185740740742,1.1146773506843,0.0,0.0,0.0
1806004,8.3827,sel,long,close,-2.0,0.05959999999999965,-0.003017772,0.0,,0.0,,1.0,268.2585323399991,238.258532339999,0.0,268.622999999999,-30.36446766000001,268.2585323399991,0.0,1617439488533.0,0.5344622318631709,0.0,8.941951077999969,20.179191145833332,1.1146773557936998,0.0,0.0,0.0
1866558,9.0291,buy,long,entry,378.0,0.0,-0.614339964,378.0,9.0291,0.0,,1.0,267.3417923759991,237.64419237599898,0.0,268.622999999999,-30.97880762400001,267.64419237599907,8.37127422637412,1617465746095.0,0.5523823616016668,0.0011311362780671087,8.91139307919997,20.483098113425925,1.1126973323464748,0.0,0.0,0.0
1867833,9.0579,sel,long,close,-376.0,10.828800000000143,-0.6130386720000001,2.0,9.0291,0.0,,0.0761916388344217,277.8599537039992,247.85995370399914,0.0,279.45179999999914,-31.591846296000007,277.8599537039992,0.0,1617465945508.0,0.5527596804479292,0.0,9.261998456799974,20.48540613425926,1.114781932375777,0.0,0.0,0.0
1867833,9.0613,sel,long,close,-2.0,0.06439999999999912,-0.003262068,0.0,,0.0,,0.0761916388344217,277.92109163599923,247.92109163599915,0.0,279.5161999999991,-31.59510836400001,277.92109163599923,0.0,1617465945508.0,0.5527596804479292,0.0,9.264036387866641,20.48540613425926,1.1147939048713646,0.0,0.0,0.0
1876986,8.8323,buy,long,entry,401.0,0.0,-0.6375154140000001,401.0,8.8323,0.0,,1.0,277.00287622199914,247.28357622199914,0.0,279.5161999999991,-32.23262377800001,277.2835762219992,8.189959517147777,1617470534467.0,0.5554683858595694,0.0010133468786624406,9.233429207399972,20.538519085648147,1.114301107969413,0.0,0.0,0.0
1877292,8.8604,sel,long,close,-399.0,11.211900000000094,-0.6363539280000001,2.0,8.8323,0.0,,0.07570879411026345,287.91612229399936,257.85912229399923,0.0,290.7280999999992,-32.86897770600001,287.85912229399935,0.0,1617470602402.0,0.5555589423826723,0.00019797432511199233,9.597204076466646,20.53930537037037,1.1163948290299743,0.0,0.0,0.0
1877295,8.8604,sel,long,close,-2.0,0.05620000000000047,-0.0031897440000000004,0.0,,0.0,,1.0,287.91213254999934,257.9121325499992,0.0,290.7842999999992,-32.872167450000006,287.91213254999934,0.0,1617470603072.0,0.5555598301917224,0.0,9.597071084999978,20.539313125,1.1163940294153496,0.0,0.0,0.0
1881512,8.808,buy,long,entry,416.0,0.0,-0.65954304,416.0,8.808,0.0,,1.0,287.00298950999917,257.2525895099992,0.0,290.7842999999992,-33.53171049000001,287.2525895099993,8.166487894893399,1617472839772.0,0.5568077937797139,0.0008696773522335077,9.566766316999972,20.565200856481482,1.1160676554080013,0.0,0.0,0.0
1881846,8.8361,sel,long,close,-414.0,11.633400000000098,-0.658466172,2.0,8.808,0.0,,0.07594873158249334,298.2869233379994,268.2275233379993,0.0,302.4176999999993,-34.190176662000006,298.2275233379994,0.0,1617472884934.0,0.5569066365206171,0.00019913712386470972,9.94289744459998,20.565723564814814,1.1181592598685146,0.0,0.0,0.0
1881853,8.8394,sel,long,close,-2.0,0.0627999999999993,-0.0031821840000000002,0.0,,0.0,,1.0,298.2871411539994,268.2871411539993,0.0,302.48049999999927,-34.19335884600001,298.2871411539994,0.0,1617472885447.0,0.5569087080750672,0.0,9.942904705133314,20.565729502314817,1.118159263516753,0.0,0.0,0.0
1882138,8.757,buy,long,entry,434.0,0.0,-0.68409684,434.0,8.757,0.0,,1.0,297.12564431399977,267.6030443139993,0.0,302.48049999999927,-34.87745568600001,297.6030443139994,8.11999869188866,1617472944022.0,0.55699304993482,0.0016067276895666922,9.904188143799992,20.566407453703704,1.117943050780727,0.0,0.0,0.0
1882147,8.7882,sel,long,close,-431.0,13.44720000000005,-0.681788556,3.0,8.757,0.0,,0.07611802345105688,310.4644557579995,280.36845575799936,0.0,315.92769999999933,-35.55924424200001,310.36845575799947,0.0,1617472944186.0,0.5569957133619701,0.0003092141410056732,10.348815191933316,20.566409351851853,1.1203326720814528,0.0,0.0,0.0
1882176,8.7849,sel,long,close,-3.0,0.0837000000000021,-0.004743846,0.0,,0.0,,1.0,310.4474119119995,280.4474119119994,0.0,316.01139999999936,-35.56398808800001,310.4474119119995,0.0,1617472945537.0,0.5570042955161204,0.0,10.348247063733316,20.566424988425926,1.1203295847183012,0.0,0.0,0.0
1882202,8.7505,buy,long,entry,452.0,0.0,-0.7119406800000001,452.0,8.7505,0.0,,1.0,309.6450712319989,279.7354712319994,0.0,316.01139999999936,-36.27592876800001,309.7354712319995,8.11392810128025,1617472948378.0,0.5570119898612207,0.00029194716273356125,10.321502374399962,20.56645787037037,1.1201884226267669,0.0,0.0,0.0
1882228,8.7784,sel,long,close,-449.0,12.527099999999518,-0.709470288,3.0,8.7505,0.0,,0.0757466081991765,321.638300943999,291.5531009439989,0.0,328.53849999999886,-36.985399056000006,321.553100943999,0.0,1617472948488.0,0.5570196842063209,0.0002648938256107145,10.7212766981333,20.566459143518518,1.1222601148841107,0.0,0.0,0.0
1882332,8.7784,sel,long,close,-3.0,0.08369999999999678,-0.004740336,0.0,,0.0,,1.0,321.63206060799905,291.63206060799894,0.0,328.6221999999989,-36.990139392,321.63206060799905,0.0,1617472952023.0,0.5570504615867219,0.0,10.721068686933302,20.56650005787037,1.1222587986564114,0.0,0.0,0.0
2133288,10.4961,buy,long,entry,390.0,0.0,-0.7368262200000001,390.0,10.4961,0.0,,1.0,320.42723438799874,290.8952343879989,0.0,328.6221999999989,-37.726965612,320.89523438799904,9.731681797482333,1617584502920.0,0.6313174642397913,0.0014605500087848662,10.680907812933292,21.85759840277778,1.114447267069809,0.0,0.0,0.0
2133944,10.5295,sel,long,close,-388.0,12.959200000000124,-0.7353802800000001,2.0,10.4961,0.0,,0.07580491766471353,333.1866541079992,303.11905410799903,0.0,341.581399999999,-38.462345892,333.11905410799915,0.0,1617584660507.0,0.6315115984853977,0.00020288927892686637,11.106221803599972,21.859422326388888,1.1164296972940024,0.0,0.0,0.0
2133950,10.5335,sel,long,close,-2.0,0.07479999999999976,-0.0037920600000000003,0.0,,0.0,,1.0,333.19006204799916,303.19006204799905,0.0,341.656199999999,-38.466137952000004,333.19006204799916,0.0,1617584662022.0,0.6315133741034978,0.0,11.106335401599972,21.85943986111111,1.1164301210511682,0.0,0.0,0.0
2256864,9.9109,buy,long,entry,428.0,0.0,-0.7635357360000001,428.0,9.9109,0.0,,1.0,332.2125263119989,302.42652631199905,0.0,341.656199999999,-39.229673688000005,332.42652631199917,9.18933853985596,1617663882019.0,0.6678880946286073,0.0006441659571839979,11.07375087706663,22.776337974537036,1.1113477760582868,0.0,0.0,0.0
2257362,9.9425,sel,long,close,-426.0,13.46160000000041,-0.7623909000000001,2.0,9.9109,0.0,,0.07586325614650881,345.1913354119996,315.1257354119995,0.0,355.1177999999994,-39.992064588000005,345.1257354119996,0.0,1617663909150.0,0.6680354709309122,0.00019003953248629903,11.506377847066654,22.776651990740742,1.1132176816604407,0.0,0.0,0.0
2257369,9.9463,sel,long,close,-2.0,0.07080000000000197,-0.0035806680000000004,0.0,,0.0,,1.0,345.19295474399956,315.19295474399945,0.0,355.18859999999944,-39.995645256,345.19295474399956,0.0,1617663910369.0,0.6680375424853623,0.0,11.506431824799986,22.77666609953704,1.1132178369799564,0.0,0.0,0.0
2363110,9.4113,buy,long,entry,467.0,0.0,-0.7911138780000001,467.0,9.4113,0.0,,1.0,344.35514086599886,314.4018408659995,0.0,355.18859999999944,-40.786759134,344.4018408659996,8.726179904122812,1617717743785.0,0.6993301480717528,0.0001356158060637135,11.478504695533296,23.399738043981483,1.1099278566861668,0.0,0.0,0.0
2363426,9.4413,sel,long,close,-465.0,13.949999999999703,-0.79023681,2.0,9.4113,0.0,,0.07603740837088908,357.62760405599926,327.56160405599917,0.0,369.13859999999914,-41.576995944000004,357.5616040559993,0.0,1617717838681.0,0.6994236639583559,0.00018454951254165338,11.920920135199975,23.400836377314814,1.1117176492136802,0.0,0.0,0.0
2363429,9.4449,sel,long,close,-2.0,0.0671999999999997,-0.0034001640000000002,0.0,,0.0,,1.0,357.62540389199927,327.62540389199916,0.0,369.20579999999916,-41.580396108,357.62540389199927,0.0,1617717839651.0,0.6994245517674058,0.0,11.920846796399976,23.400847604166668,1.111717300454805,0.0,0.0,0.0
2364414,9.3328,buy,long,entry,488.0,0.0,-0.8197931520000001,488.0,9.3328,0.0,,1.0,356.65921073999874,326.80561073999917,0.0,369.20579999999916,-42.400189260000005,356.8056107399993,8.653562335612037,1617718247924.0,0.6997160490721656,0.0004104758705005494,11.888640357999957,23.40557298611111,1.1115650422260963,0.0,0.0,0.0
2371814,9.3625,sel,long,close,-485.0,14.404500000000029,-0.81734625,3.0,9.3328,0.0,,0.07579994920465688,370.4842644899993,340.3927644899992,0.0,383.6102999999992,-43.217535510000005,370.3927644899993,0.0,1617720494629.0,0.7019059780622384,0.0002469740519909889,12.349475482999976,23.431576516203705,1.113239936364216,0.0,0.0,0.0
2371821,9.3661,sel,long,close,-3.0,0.09989999999999633,-0.005057694,0.0,,0.0,,1.0,370.4876067959993,340.48760679599917,0.0,383.7101999999992,-43.222593204000006,370.4876067959993,0.0,1617720494963.0,0.7019080496166884,0.0,12.349586893199977,23.431580381944446,1.113240345271379,0.0,0.0,0.0
2407228,9.6859,buy,long,entry,487.0,0.0,-0.849065994,487.0,9.6859,0.0,,1.0,369.49244080199963,339.63854080199917,0.0,383.7101999999992,-44.071659198000006,369.6385408019993,8.9807732621561,1617744429050.0,0.7123862679614869,0.00039540727729783147,12.316414693399988,23.70859527777778,1.1117197338934293,0.0,0.0,0.0
2407451,9.7168,sel,long,close,-485.0,14.986499999999534,-0.8482766399999999,2.0,9.6859,0.0,,0.07600460289561187,383.8439641619988,353.7767641619987,0.0,398.6966999999987,-44.91993583800001,383.7767641619988,0.0,1617744526267.0,0.7124522617675391,0.00017507113898931233,12.79479880539996,23.709720474537036,1.113502310219013,0.0,0.0,0.0
2407456,9.7205,sel,long,close,-2.0,0.0691999999999986,-0.00349938,0.0,,0.0,,1.0,383.8424647819988,353.8424647819987,0.0,398.76589999999874,-44.92343521800001,383.8424647819988,0.0,1617744526447.0,0.7124537414492891,0.0,12.794748826066627,23.70972255787037,1.1135021162480356,0.0,0.0,0.0
2407729,9.6374,buy,long,entry,507.0,0.0,-0.879509124,507.0,9.6374,0.0,,1.0,382.9122556579989,352.9629556579987,0.0,398.76589999999874,-45.80294434200001,382.9629556579988,8.935662980530125,1617744735069.0,0.7125345320728418,0.00013240631306712627,12.76374185526663,23.71213716435185,1.113375993445155,0.0,0.0,0.0
2409711,9.6681,sel,long,close,-505.0,15.503500000000647,-0.8788302900000001,2.0,9.6374,0.0,,0.07586325853947325,397.6512253679995,367.58762536799935,0.0,414.2693999999994,-46.681774632000014,397.58762536799946,0.0,1617745956356.0,0.7131210779185613,0.00015993915256051473,13.255040845599982,23.726272430555557,1.1150784200642385,0.0,0.0,0.0
2411190,9.6681,sel,long,close,-2.0,0.061400000000002564,-0.0034805160000000003,0.0,,0.0,,1.0,397.6455448519995,367.6455448519994,0.0,414.3307999999994,-46.68525514800002,397.6455448519995,0.0,1617747334087.0,0.7135587677802259,0.0,13.25485149506665,23.742218391203703,1.1149961763797405,0.0,0.0,0.0
2424204,9.7629,buy,long,entry,519.0,0.0,-0.912050118,519.0,9.7629,0.0,,1.0,396.2663947339996,366.73349473399935,0.0,414.3307999999994,-47.59730526600002,396.73349473399946,9.052797721329908,1617757380029.0,0.7174100834392538,0.0011787524912714195,13.208879824466655,23.858490868055554,1.1142425838591479,0.0,0.0,0.0
2424261,9.794,sel,long,close,-516.0,16.04760000000018,-0.9096667200000002,3.0,9.7629,0.0,,0.07612257530795845,411.87142801399966,381.87142801399955,0.0,430.37839999999954,-48.50697198600002,411.87142801399966,0.0,1617757385918.0,0.7174269518112044,0.0,13.729047600466656,23.858559027777776,1.116047543095584,0.0,0.0,0.0
2424261,9.7977,sel,long,close,-3.0,0.10440000000000182,-0.005290758000000001,0.0,,0.0,,0.07612257530795845,411.97053725599966,381.97053725599955,0.0,430.48279999999954,-48.51226274400002,411.97053725599966,0.0,1617757385918.0,0.7174269518112044,0.0,13.732351241866656,23.858559027777776,1.1160587979768348,0.0,0.0,0.0
2440836,9.8122,buy,long,entry,535.0,0.0,-0.94491486,535.0,9.8122,0.0,,1.0,410.7046223959995,381.02562239599956,0.0,430.48279999999954,-49.457177604000016,411.0256223959997,9.098518922138439,1617768383618.0,0.7223320968126176,0.0007815836065528627,13.69015407986665,23.985847222222223,1.1152655474342237,0.0,0.0,0.0
2440969,9.8435,sel,long,close,-532.0,16.651599999999938,-0.9426135600000001,3.0,9.8122,0.0,,0.07579520735640098,426.83210883599963,396.7346088359995,0.0,447.13439999999946,-50.399791164000014,426.7346088359996,0.0,1617768450154.0,0.7223714563471688,0.00022842705124952802,14.227736961199987,23.986617314814815,1.1170539094817864,0.0,0.0,0.0
2440974,9.8435,sel,long,close,-3.0,0.09389999999999965,-0.005315490000000001,0.0,,0.0,,1.0,426.8231933459996,396.82319334599947,0.0,447.2282999999995,-50.405106654000015,426.8231933459996,0.0,1617768451817.0,0.7223729360289189,0.0,14.227439778199987,23.9866365625,1.1170528375182305,0.0,0.0,0.0
2442270,9.7226,buy,long,entry,559.0,0.0,-0.978288012,559.0,9.7226,0.0,,1.0,425.2859053339999,395.84490533399946,0.0,447.2282999999995,-51.383394666000015,425.8449053339996,9.014891666035572,1617769213757.0,0.7227564695385317,0.0013144098898849519,14.176196844466663,23.9954553125,1.1168394426967723,0.0,0.0,0.0
2442337,9.7536,sel,long,close,-556.0,17.236000000000324,-0.9761402880000002,3.0,9.7226,0.0,,0.07595489231792335,442.2046650459999,412.1047650459998,0.0,464.4642999999998,-52.35953495400002,442.1047650459999,0.0,1617769234384.0,0.7227762972739823,0.00022591349186603223,14.74015550153333,23.995694050925927,1.1186553986197438,0.0,0.0,0.0
2442339,9.7573,sel,long,close,-3.0,0.10410000000000252,-0.005268942,0.0,,0.0,,1.0,442.2035961039999,412.2035961039998,0.0,464.5683999999998,-52.36480389600002,442.2035961039999,0.0,1617769234942.0,0.7227768891466824,0.0,14.74011987013333,23.995700509259258,1.1186552521680173,0.0,0.0,0.0
2451591,9.7383,buy,long,entry,578.0,0.0,-1.0131727320000001,578.0,9.7383,0.0,,1.0,441.0748233719992,411.1904233719998,0.0,464.5683999999998,-53.37797662800002,441.19042337199994,9.029169787980479,1617776465008.0,0.7255148922569734,0.0002620870516186135,14.702494112399972,24.079381828703703,1.1181007476079954,0.0,0.0,0.0
2451651,9.7693,sel,long,close,-575.0,17.824999999999314,-1.01112255,3.0,9.7383,0.0,,0.07588379547003472,458.10120082199927,428.00430082199915,0.0,482.39339999999913,-54.38909917800002,458.00430082199927,0.0,1617776491125.0,0.7255326484379739,0.00021152531324111667,15.270040027399975,24.079684108796297,1.1198592534108052,0.0,0.0,0.0
2451653,9.773,sel,long,close,-3.0,0.1040999999999972,-0.0052774200000000005,0.0,,0.0,,1.0,458.10312340199926,428.10312340199914,0.0,482.49749999999915,-54.39437659800002,458.10312340199926,0.0,1617776491305.0,0.725533240310674,0.0,15.270104113399976,24.07968619212963,1.1198594376224955,0.0,0.0,0.0
2454554,9.684,buy,long,entry,603.0,0.0,-1.0511013599999999,603.0,9.684,0.0,,1.0,456.9314220419995,427.0520220419991,0.0,482.49749999999915,-55.44547795800002,457.05202204199924,8.979915943351653,1617778692115.0,0.7263917516620525,0.0002639345735094907,15.231047401399984,24.10515853009259,1.1196065273456528,0.0,0.0,0.0
2459695,9.7148,sel,long,close,-599.0,18.44920000000063,-1.0474497360000001,4.0,9.684,0.0,,0.07565533939086838,474.57737230599986,444.45377230599973,0.0,500.9466999999998,-56.49292769400002,474.45377230599985,0.0,1617781585794.0,0.7279131604374531,0.0002604422528605411,15.819245743533328,24.138650185185185,1.1211896327318176,0.0,0.0,0.0
2459702,9.7148,sel,long,close,-4.0,0.1232000000000042,-0.006994656000000001,0.0,,0.0,,1.0,474.5699776499998,444.5699776499997,0.0,501.0698999999998,-56.49992235000002,474.5699776499998,0.0,1617781588839.0,0.7279152319919032,0.0,15.818999254999994,24.13868542824074,1.1211887217440881,0.0,0.0,0.0
2461812,9.5477,buy,long,entry,633.0,0.0,-1.0878649380000003,633.0,9.5477,0.0,,1.0,472.406012711999,443.4821127119997,0.0,501.0698999999998,-57.58778728800002,473.48211271199983,8.85281990090305,1617783320192.0,0.728539657690424,0.0022779134283730865,15.746867090399967,24.158724236111112,1.1208702833511883,0.0,0.0,0.0
2462034,9.5781,sel,long,close,-630.0,19.15199999999901,-1.08615654,3.0,9.5477,0.0,,0.07594464731085852,491.64605617199885,461.54795617199875,0.0,520.2218999999988,-58.67394382800002,491.54795617199886,0.0,1617783425025.0,0.7286053555601262,0.0001995337881153846,16.38820187239996,24.159937581018518,1.1227174307823224,0.0,0.0,0.0
2462038,9.5818,sel,long,close,-3.0,0.10229999999999606,-0.0051741719999999995,0.0,,0.0,,1.0,491.64508199999887,461.64508199999875,0.0,520.3241999999988,-58.67911800000002,491.64508199999887,0.0,1617783425592.0,0.7286065393055262,0.0,16.388169399999963,24.15994414351852,1.1227173034040518,0.0,0.0,0.0
2466390,9.4851,buy,long,entry,660.0,0.0,-1.1268298799999998,660.0,9.4851,0.0,,1.0,490.1882521199996,460.51825211999875,0.0,520.3241999999988,-59.80594788000002,490.51825211999886,8.794658477958663,1617786545204.0,0.7298944543007689,0.0006732107482626085,16.339608403999986,24.196050763888888,1.1223857262916146,0.0,0.0,0.0
2467023,9.5153,sel,long,close,-657.0,19.84140000000044,-1.125279378,3.0,9.4851,0.0,,0.07613310944401289,509.2343727419993,479.2343727419992,0.0,540.1655999999992,-60.93122725800002,509.2343727419993,0.0,1617786728381.0,0.7300817820103253,0.0,16.974479091399978,24.198170868055556,1.1241438184361607,0.0,0.0,0.0
2467023,9.5189,sel,long,close,-3.0,0.10140000000000349,-0.0051402060000000005,0.0,,0.0,,0.07613310944401289,509.3306325359993,479.3306325359992,0.0,540.2669999999993,-60.93636746400002,509.3306325359993,0.0,1617786728381.0,0.7300817820103253,0.0,16.977687751199976,24.198170868055556,1.124152599097103,0.0,0.0,0.0
2468881,9.3944,buy,long,entry,691.0,0.0,-1.168475472,691.0,9.3944,0.0,,1.0,507.1947570640003,478.1621570639992,0.0,540.2669999999993,-62.10484293600002,508.1621570639993,8.711266503414118,1617787635073.0,0.7306316317486435,0.001907354101211467,16.906491902133343,24.208664988425927,1.1239004599566842,0.0,0.0,0.0
2469018,9.4243,sel,long,close,-687.0,20.54130000000094,-1.1654089380000001,4.0,9.3944,0.0,,0.07689320609372591,527.5380481260003,497.53804812600015,0.0,560.8083000000001,-63.27025187400002,527.5380481260003,0.0,1617787666371.0,0.7306721750285948,0.0,17.58460160420001,24.209027233796295,1.1257256763084265,0.0,0.0,0.0
2469018,9.4279,sel,long,close,-4.0,0.13400000000000034,-0.006788088,0.0,,0.0,,0.07689320609372591,527.6652600380003,497.66526003800016,0.0,560.9423000000002,-63.27703996200002,527.6652600380003,0.0,1617787666371.0,0.7306721750285948,0.0,17.588842001266677,24.209027233796295,1.12573688820362,0.0,0.0,0.0
2473077,9.3027,buy,long,entry,723.0,0.0,-1.2106533780000002,723.0,9.3027,0.0,,1.0,526.3823066600005,496.45460666000014,0.0,560.9423000000002,-64.48769334000002,526.4546066600003,8.62630484614464,1617789831845.0,0.7318733806732848,0.0001373526410083414,17.546076888666683,24.234090590277777,1.1254859425633073,0.0,0.0,0.0
2473124,9.3323,sel,long,close,-719.0,21.28240000000021,-1.207786266,4.0,9.3027,0.0,,0.07575965391554626,546.6520203940005,516.5292203940004,0.0,582.2247000000003,-65.69547960600002,546.5292203940005,0.0,1617789858106.0,0.7318872896817352,0.0002246401648922389,18.22173401313335,24.234394537037037,1.1272404235248497,0.0,0.0,0.0
2473125,9.3359,sel,long,close,-4.0,0.13280000000000314,-0.006721848000000001,0.0,,0.0,,1.0,546.6552985460005,516.6552985460004,0.0,582.3575000000003,-65.70220145400002,546.6552985460005,0.0,1617789858106.0,0.7318875856180853,0.0,18.221843284866683,24.234394537037037,1.1272407024587254,0.0,0.0,0.0
2478460,9.0859,buy,long,entry,767.0,0.0,-1.2543993540000002,767.0,9.0859,0.0,,1.0,544.4037991920001,515.4008991920003,0.0,582.3575000000003,-66.95660080800002,545.4008991920005,8.425368902867007,1617792783964.0,0.7334664060453877,0.0018315448964174664,18.146793306400003,24.268258634259258,1.1268606643265937,0.0,0.0,0.0
2478517,9.1148,sel,long,close,-763.0,22.050700000000113,-1.2518266320000002,4.0,9.0859,0.0,,0.07570962614590468,566.3181725600006,536.1997725600005,0.0,604.4082000000004,-68.20842744000002,566.1997725600006,0.0,1617792795086.0,0.7334832744173383,0.00020906975219377608,18.877272418666685,24.26838736111111,1.128693920512366,0.0,0.0,0.0
2478523,9.1148,sel,long,close,-4.0,0.11560000000000059,-0.006562656000000001,0.0,,0.0,,1.0,566.3088099040006,536.3088099040004,0.0,604.5238000000004,-68.21499009600002,566.3088099040006,0.0,1617792798346.0,0.7334850500354384,0.0,18.87696033013335,24.268425092592594,1.1286929391572071,0.0,0.0,0.0
2483365,9.0001,buy,long,entry,802.0,0.0,-1.299254436,802.0,9.0001,0.0,,1.0,564.9293554680008,535.0095554680005,0.0,604.5238000000004,-69.51424453200002,565.0095554680006,8.345673347481396,1617794757260.0,0.734917973842186,0.00014196465314379665,18.830978515600027,24.291097708333332,1.1284521076366458,0.0,0.0,0.0
2487824,9.0288,sel,long,close,-797.0,22.87390000000049,-1.2952716480000002,5.0,9.0001,0.0,,0.07581438629044486,586.739183820001,556.588183820001,0.0,627.3977000000009,-70.80951618000002,586.5881838200011,0.0,1617796280547.0,0.7362375540268798,0.0002573545523529875,19.557972794000033,24.308728344907408,1.1301128621430312,0.0,0.0,0.0
2487847,9.0288,sel,long,close,-5.0,0.14350000000000307,-0.008125920000000002,0.0,,0.0,,1.0,586.7235579000011,556.723557900001,0.0,627.5412000000009,-70.81764210000001,586.7235579000011,0.0,1617796301530.0,0.7362443605629301,0.0,19.557451930000035,24.308971203703702,1.1301102430167587,0.0,0.0,0.0
2490568,8.9021,buy,long,entry,840.0,0.0,-1.3459975200000003,840.0,8.9021,0.0,,1.0,584.5375603800001,555.377560380001,0.0,627.5412000000009,-72.16363962000001,585.3775603800011,8.25475045465651,1617797772029.0,0.7370496033713069,0.001437033403730262,19.484585346000003,24.325990868055555,1.1298401519837677,0.0,0.0,0.0
2490687,8.9305,sel,long,close,-835.0,23.713999999999615,-1.3422541500000003,5.0,8.9021,0.0,,0.07567795504708426,607.8918062300007,577.7493062300006,0.0,651.2552000000005,-73.50589377000001,607.7493062300007,0.0,1617797832167.0,0.7370848197969581,0.00023441671451996,20.26306020766669,24.326686909722223,1.1316571680231096,0.0,0.0,0.0
2490689,8.9339,sel,long,close,-5.0,0.1589999999999936,-0.00804051,0.0,,0.0,,1.0,607.9002657200007,577.9002657200006,0.0,651.4142000000005,-73.51393428000002,607.9002657200007,0.0,1617797832374.0,0.7370854116696581,0.0,20.263342190666688,24.326689305555554,1.1316578015998515,0.0,0.0,0.0
2507220,9.4221,buy,long,entry,822.0,0.0,-1.3940939160000003,822.0,9.4221,0.0,,1.0,606.2595718039998,576.5061718040006,0.0,651.4142000000005,-74.90802819600002,606.5061718040007,8.736678009903704,1617806931249.0,0.7419775354716708,0.00040675646450754563,20.20865239346666,24.432000358796298,1.1309295426576815,0.0,0.0,0.0
2507424,9.4521,sel,long,close,-818.0,24.539999999999477,-1.3917272040000002,4.0,9.4221,0.0,,0.07576743540038461,629.7776446000001,599.6544446,0.0,675.9542,-76.29975540000002,629.6544446000001,0.0,1617806970873.0,0.7420379064870728,0.000195624600295628,20.992588153333337,24.432458969907408,1.132689954886694,0.0,0.0,0.0
2507542,9.4521,sel,long,close,-4.0,0.11999999999999744,-0.0068055120000000005,0.0,,0.0,,1.0,629.7676390880001,599.767639088,0.0,676.0742,-76.30656091200002,629.7676390880001,0.0,1617807025003.0,0.7420728269763739,0.0,20.992254636266672,24.433085474537037,1.1326855996180916,0.0,0.0,0.0
2512135,9.2892,buy,long,entry,864.0,0.0,-1.444656384,864.0,9.2892,0.0,,1.0,628.1501827040005,598.322982704,0.0,676.0742,-77.75121729600002,628.3229827040001,8.61365626315299,1617809897128.0,0.7434320626319691,0.0002750934486013272,20.938339423466683,24.46632766203704,1.1323748437783094,0.0,0.0,0.0
2512294,9.3188,sel,long,close,-859.0,25.42640000000025,-1.440872856,5.0,9.2892,0.0,,0.07568877957366787,652.4575098480003,622.3085098480002,0.0,701.5006000000003,-79.19209015200002,652.3085098480003,0.0,1617809940804.0,0.7434791165116207,0.0002283673614772442,21.748583661600012,24.466833171296297,1.1341304726270627,0.0,0.0,0.0
2512298,9.3223,sel,long,close,-5.0,0.1655000000000051,-0.008390070000000001,0.0,,0.0,,1.0,652.4656197780004,622.4656197780002,0.0,701.6661000000003,-79.20048022200002,652.4656197780004,0.0,1617809940804.0,0.7434803002570207,0.0,21.74885399260001,24.466833171296297,1.1341310487929497,0.0,0.0,0.0
2524389,9.2892,buy,long,entry,895.0,0.0,-1.4964901199999998,895.0,9.2892,0.0,,1.0,650.2531296580005,620.9691296580003,0.0,701.6661000000003,-80.69697034200003,650.9691296580004,8.613541438960015,1617815362046.0,0.7470584666649897,0.0011011096561372546,21.67510432193335,24.52957902777778,1.1336089720565763,0.0,0.0,0.0
2524539,9.3188,sel,long,close,-890.0,26.34400000000026,-1.49287176,5.0,9.2892,0.0,,0.07571101941603652,675.9697578980006,645.8202578980005,0.0,728.0101000000005,-82.18984210200003,675.8202578980006,0.0,1617815442244.0,0.7471028571174911,0.00022116374032009234,22.532325263266685,24.53050724537037,1.1353974175488102,0.0,0.0,0.0
2525068,9.3188,sel,long,close,-5.0,0.14800000000000146,-0.008386919999999999,0.0,,0.0,,1.0,675.9598709780006,645.9598709780005,0.0,728.1581000000006,-82.19822902200004,675.9598709780006,0.0,1617815745229.0,0.7472594074466464,0.0,22.531995699266687,24.534014016203702,1.1353761330739292,0.0,0.0,0.0
2525719,9.1798,buy,long,entry,938.0,0.0,-1.5499174320000002,938.0,9.1798,0.0,,1.0,673.5657535460009,644.4099535460005,0.0,728.1581000000006,-83.74814645400004,674.4099535460006,8.511884147587015,1617816143319.0,0.7474520620105027,0.0012533297537105342,22.452191784866695,24.53862153935185,1.135184915896229,0.0,0.0,0.0
2526251,9.209,sel,long,close,-933.0,27.243599999999486,-1.5465594599999999,5.0,9.1798,0.0,,0.07585997138221014,700.2609940860001,670.106994086,0.0,755.4017,-85.29470591400003,700.1069940860001,0.0,1617816435429.0,0.747609500148708,0.00021991800385940587,23.342033136200005,24.54200244212963,1.136964287691187,0.0,0.0,0.0
2526253,9.2126,sel,long,close,-5.0,0.1639999999999997,-0.008291340000000001,0.0,,0.0,,1.0,700.2627027460001,670.262702746,0.0,755.5657,-85.30299725400003,700.2627027460001,0.0,1617816435612.0,0.747610092021408,0.0,23.342090091533336,24.542004560185184,1.1369643881358051,0.0,0.0,0.0
2532160,9.1112,buy,long,entry,979.0,0.0,-1.605575664,979.0,9.1112,0.0,,1.0,697.7760270820004,668.657127082,0.0,755.5657,-86.90857291800003,698.6571270820001,8.448245831390796,1617820059455.0,0.7493581880409161,0.0012627260980638065,23.259200902733348,24.5839471875,1.1365509477777247,0.0,0.0,0.0
2532352,9.1402,sel,long,close,-974.0,28.245999999999917,-1.602459864,5.0,9.1112,0.0,,0.07576515935248603,725.4486672180001,695.300667218,0.0,783.8116999999999,-88.51103278200003,725.3006672180001,0.0,1617820134540.0,0.749415007820118,0.00020401167813511193,24.181622240600003,24.584816226851853,1.1383451957952513,0.0,0.0,0.0
2532358,9.1402,sel,long,close,-5.0,0.14499999999999957,-0.008226180000000001,0.0,,0.0,,1.0,725.4374410380001,695.437441038,0.0,783.9566999999998,-88.51925896200002,725.4374410380001,0.0,1617820136292.0,0.7494167834382182,0.0,24.181248034600003,24.584836504629628,1.1383443576032868,0.0,0.0,0.0
2536342,8.9547,buy,long,entry,1032.0,0.0,-1.6634250720000003,1032.0,8.9547,0.0,,1.0,723.464415965999,693.774015966,0.0,783.9566999999998,-90.18268403400002,723.7740159660001,8.30318771547307,1617822604035.0,0.7505957938566573,0.00042794088163642237,24.115480532199967,24.613398344907406,1.1380472756188438,0.0,0.0,0.0
2536379,8.9832,sel,long,close,-1027.0,29.269499999999283,-1.6606343520000002,5.0,8.9547,0.0,,0.07610960972571315,751.3828816139994,721.3828816139993,0.0,813.2261999999992,-91.84331838600002,751.3828816139994,0.0,1617822620550.0,0.7506067435016077,0.0,25.04609605379998,24.61358949074074,1.13979817821281,0.0,0.0,0.0
2536379,8.9867,sel,long,close,-5.0,0.16000000000000014,-0.008088030000000001,0.0,,0.0,,0.07610960972571315,751.5347935839994,721.5347935839993,0.0,813.3861999999991,-91.85140641600002,751.5347935839994,0.0,1617822620550.0,0.7506067435016077,0.0,25.051159786133315,24.61358949074074,1.139807539629779,0.0,0.0,0.0
2560202,9.1357,buy,long,entry,1048.0,0.0,-1.723358448,1048.0,9.1357,0.0,,1.0,749.3922351360004,719.8114351359993,0.0,813.3861999999991,-93.57476486400002,749.8114351359994,8.471057417850615,1617839922205.0,0.7576568351678921,0.0005593866340541228,24.979741171200015,24.813840127314815,1.138473484214954,0.0,0.0,0.0
2560477,9.1648,sel,long,close,-1043.0,30.351299999999668,-1.720599552,5.0,9.1357,0.0,,0.07576701567283674,778.5911355839991,748.442135583999,0.0,843.7374999999988,-95.29536441600001,778.4421355839991,0.0,1617840007923.0,0.7577382176641448,0.00019137130284464419,25.95303785279997,24.814832233796295,1.1402225710234042,0.0,0.0,0.0
2560478,9.1683,sel,long,close,-5.0,0.16300000000000203,-0.00825147,0.0,,0.0,,1.0,778.5968841139991,748.596884113999,0.0,843.9004999999988,-95.30361588600002,778.5968841139991,0.0,1617840007923.0,0.7577385136004948,0.0,25.953229470466635,24.814832233796295,1.1402229102767183,0.0,0.0,0.0
2567234,9.7824,buy,long,entry,1014.0,0.0,-1.7854836480000003,1014.0,9.7824,0.0,,1.0,776.6086004659978,746.811400465999,0.0,843.9004999999988,-97.08909953400001,776.8114004659991,9.070738235660514,1617840739726.0,0.7597378595811612,0.00026113540318712254,25.886953348866594,24.823302175925924,1.140054420046465,0.0,0.0,0.0
2567483,9.8136,sel,long,close,-1009.0,31.480799999998325,-1.782346032,5.0,9.7824,0.0,,0.07573484454243798,806.6678544339975,776.5098544339974,0.0,875.3812999999972,-98.87144556600002,806.5098544339975,0.0,1617840756535.0,0.7598115477323137,0.00019586748019217518,26.88892848113325,24.823496724537037,1.1417986612493112,0.0,0.0,0.0
2567492,9.8173,sel,long,close,-5.0,0.174499999999993,-0.008835570000000001,0.0,,0.0,,1.0,806.6755188639975,776.6755188639974,0.0,875.5557999999971,-98.88028113600002,806.6755188639975,0.0,1617840758311.0,0.7598142111594638,0.0,26.88918396213325,24.82351728009259,1.141798972901282,0.0,0.0,0.0
2568163,9.7181,buy,long,entry,1058.0,0.0,-1.850714964,1058.0,9.7181,0.0,,1.0,803.4494038999969,774.8248038999974,0.0,875.5557999999971,-100.73099610000003,804.8248038999975,9.011464815452262,1617840832358.0,0.7600127844503204,0.0017118688411794179,26.781646796666564,24.824374305555555,1.1416094458434558,0.0,0.0,0.0
2569290,9.7491,sel,long,close,-1052.0,32.61200000000061,-1.8460895760000002,6.0,9.7181,0.0,,0.07608833502991082,835.5907143239981,805.590714323998,0.0,908.1677999999978,-102.57708567600002,835.5907143239981,0.0,1617841082710.0,0.7603463047167816,0.0,27.853023810799936,24.827271898148147,1.1433968309938554,0.0,0.0,0.0
2569290,9.7528,sel,long,close,-6.0,0.20820000000000505,-0.010533024000000002,0.0,,0.0,,0.07608833502991082,835.7883812999982,805.788381299998,0.0,908.3759999999978,-102.58761870000002,835.7883812999982,0.0,1617841082710.0,0.7603463047167816,0.0,27.85961270999994,24.827271898148147,1.1434077242872898,0.0,0.0,0.0
2605040,9.7376,buy,long,entry,1094.0,0.0,-1.9175281920000002,1094.0,9.7376,0.0,,1.0,833.7614531079985,803.8708531079981,0.0,908.3759999999978,-104.50514689200003,833.8708531079982,9.029555345686553,1617871170984.0,0.7709260292296333,0.00013121259035411264,27.792048436933282,25.175515810185185,1.1411800213320933,0.0,0.0,0.0
2605213,9.7686,sel,long,close,-1088.0,33.7279999999987,-1.9130826239999998,6.0,9.7376,0.0,,0.07585379290260129,865.8843704839968,835.6857704839967,0.0,942.1039999999965,-106.41822951600003,865.6857704839969,0.0,1617871208356.0,0.770977226218185,0.00022936087862277988,28.86281234946656,25.17594835648148,1.1428923040276069,0.0,0.0,0.0
2605218,9.7723,sel,long,close,-6.0,0.2081999999999944,-0.010554084,0.0,,0.0,,1.0,865.8834163999968,835.8834163999967,0.0,942.3121999999966,-106.42878360000003,865.8834163999968,0.0,1617871209301.0,0.770978705899935,0.0,28.86278054666656,25.17595929398148,1.1428921876909455,0.0,0.0,0.0
2605746,9.6656,buy,long,entry,1142.0,0.0,-1.9868607360000001,1142.0,9.6656,0.0,,1.0,863.3255556639981,833.8965556639967,0.0,942.3121999999966,-108.41564433600003,863.8965556639968,8.962900559518234,1617871466115.0,0.7711349602927402,0.0006613959198271347,28.77751852213327,25.17893167824074,1.1427398927294852,0.0,0.0,0.0
2605880,9.6964,sel,long,close,-1135.0,34.95800000000119,-1.9809745200000002,7.0,9.6656,0.0,,0.07578954624008978,897.0996811439979,866.8735811439979,0.0,977.2701999999978,-110.39661885600003,896.873581143998,0.0,1617871503907.0,0.7711746157636415,0.00025203442243079064,29.90332270479993,25.179369085648148,1.1444801836210132,0.0,0.0,0.0
2605887,9.6964,sel,long,close,-7.0,0.21560000000000734,-0.012217464000000003,0.0,,0.0,,1.0,897.076963679998,867.0769636799979,0.0,977.4857999999978,-110.40883632000003,897.076963679998,0.0,1617871508363.0,0.7711766873180916,0.0,29.902565455999934,25.179420659722222,1.1444787162399312,0.0,0.0,0.0
2667058,9.9851,buy,long,entry,1145.0,0.0,-2.05792911,1145.0,9.9851,0.0,,1.0,894.7900345699985,865.0190345699979,0.0,977.4857999999978,-112.46676543000004,895.019034569998,9.258977854401518,1617914311090.0,0.7892794097845436,0.0002559259615687628,29.826334485666617,25.674822592592594,1.1413890274240202,0.0,0.0,0.0
2667603,10.0169,sel,long,close,-1139.0,36.22020000000056,-2.053664838,6.0,9.9851,0.0,,0.0758027375228062,929.3853697319985,899.1855697319984,0.0,1013.7059999999983,-114.52043026800004,929.1855697319985,0.0,1617914447311.0,0.7894406950952989,0.0002149807889246171,30.97951232439995,25.676399224537036,1.1430672827449853,0.0,0.0,0.0
2667942,10.0169,sel,long,close,-6.0,0.19080000000000297,-0.010818252,0.0,,0.0,,1.0,929.3655514799985,899.3655514799984,0.0,1013.8967999999983,-114.53124852000005,929.3655514799985,0.0,1617914719809.0,0.7895410175179522,0.0,30.97885171599995,25.679553136574075,1.1430475615276987,0.0,0.0,0.0
3242734,10.9843,buy,long,entry,1078.0,0.0,-2.131393572,1078.0,10.9843,0.0,,1.0,926.9107579079994,897.2341579079985,0.0,1013.8967999999983,-116.66264209200004,927.2341579079986,10.185268608022907,1618220194959.0,0.9596428640128081,0.0003489009025303552,30.89702526359998,29.215145150462963,1.1246000339055824,0.0,0.0,0.0
3264485,11.0193,sel,long,close,-1072.0,37.52000000000015,-2.126284128,6.0,10.9843,0.0,,0.07569662522252499,962.8384737799987,932.6278737799986,0.0,1051.4167999999984,-118.78892622000004,962.6278737799987,0.0,1618231599917.0,0.9660797755618722,0.00021872827658538286,32.09461579266662,29.347146979166666,1.1254636415193484,0.0,0.0,0.0
3264506,11.0193,sel,long,close,-6.0,0.21000000000000085,-0.011900843999999999,0.0,,0.0,,1.0,962.8259729359987,932.8259729359986,0.0,1051.6267999999984,-118.80082706400003,962.8259729359987,0.0,1618231602812.0,0.9660859902252223,0.0,32.09419909786662,29.34718048611111,1.125462991726597,0.0,0.0,0.0
