trade_id,timestamp,pnl,fee_paid,balance,equity,pbr,qty,price,psize,pprice,type,adg
142709,1617326746924,0.0,0.0005009107468123862,10.000500910746812,10.000136014919596,0.2003542627646156,-11.0,5.49,-11.0,5.49,shrt_ientry,1.0000012298522558
160659,1617379215370,0.0,0.0005175090564084872,10.00101841980322,9.897232392043128,0.4070256637568119,-12.0,5.797,-23.0,5.650173913043478,shrt_rentry,0.9991149684741064
163899,1617380271441,0.0,0.0005590161316083692,10.001577435934829,9.61910381499183,0.6290136773831995,-14.0,6.261,-37.0,5.881297297297297,shrt_rentry,0.9966803753988084
201605,1617466959030,0.12802436310805249,0.0016047883414295628,10.13120658738431,10.13120658738431,0.0,37.0,5.764,0.0,0.0,shrt_nclose,1.0010283721118265
214074,1617486802724,0.0,0.00042857142857142855,10.131635158812882,10.13130856599248,0.16920128759221686,9.0,5.25,9.0,5.25,long_ientry,1.0010108508845035
214504,1617487022493,0.032671364509929496,0.0004204035874439462,10.164726926910257,10.164726926910257,0.0,-9.0,5.352,0.0,0.0,long_nclose,1.0012659355248965
214995,1617487451771,0.0,0.0004280007608902416,10.165154927671146,10.164829204108825,0.16841878512846128,9.0,5.257,9.0,5.257,long_ientry,1.0012662281768265
215597,1617488335873,0.03070283806871907,0.0004203250513730619,10.196278090791237,10.196278090791237,0.0,-9.0,5.353,0.0,0.0,long_nclose,1.0015044739631611
226517,1617522607241,0.0,0.00043867345148271633,10.19671676424272,10.196408923224135,0.1720841959721906,-10.0,5.699,-10.0,5.699,shrt_ientry,1.0014606246137683
230856,1617532924801,0.0,0.00046382189239332097,10.197180586135113,10.129923731751482,0.3538794051553781,-11.0,5.929,-21.0,5.819476190476191,shrt_rentry,1.0009605221981235
246903,1617580066396,0.0,0.0005172688206270889,10.19769785495574,9.938484886319998,0.5559862203626411,-13.0,6.283,-34.0,5.996705882352941,shrt_rentry,0.9995590731568957
256475,1617600173075,0.11351699221597217,0.0014458241197482567,10.31266067129146,10.31266067129146,0.0,34.0,5.879,0.0,0.0,shrt_nclose,1.0021667954900582
257610,1617601588407,0.0,0.0004911591355599215,10.31315183042702,10.31283023335021,0.19049816918659088,-12.0,6.108,-12.0,6.108,shrt_ientry,1.0021654573682344
258004,1617602350657,0.039706200369300615,0.0005010856856522465,10.353359116481974,10.353359116481974,0.0,12.0,5.987,0.0,0.0,shrt_nclose,1.0024400088064336
261314,1617609229440,0.0,0.0004947229551451188,10.353853839437118,10.353527558840154,0.1911261112304881,-12.0,6.064,-12.0,6.064,shrt_ientry,1.002427573102602
265635,1617621659901,0.0,0.0005118110236220473,10.35436565046074,10.266751251526507,0.38862857515115257,-13.0,6.35,-25.0,6.21272,shrt_rentry,1.0018206314654645
268219,1617629199408,0.08243652685662947,0.0010266097240473062,10.437828787041417,10.437828787041417,0.0,25.0,6.088,0.0,0.0,shrt_nclose,1.0029474343217202
268280,1617629272803,0.0,0.0004903563255966002,10.438319143367012,10.437998596659645,0.18790624002263626,-12.0,6.118,-12.0,6.118,shrt_ientry,1.0029483826891483
270621,1617636476401,0.0,0.0005073368716827974,10.438826480238696,10.352142879957691,0.38209906207301336,-13.0,6.406,-25.0,6.26776,shrt_rentry,1.0023660792157756
277012,1617641206785,0.0,0.0005836008170411439,10.439410081055737,10.109390775175264,0.6045413483342881,-16.0,6.854,-41.0,6.496536585365854,shrt_rentry,1.0007404402800517
315008,1617718252763,0.12738716483928184,0.001609610552763819,10.568406856447783,10.568406856447783,0.0,41.0,6.368,0.0,0.0,shrt_nclose,1.0035522524070841
324880,1617726601574,0.0,0.0004961832061068703,10.56890303965389,10.56860007326335,0.18778986021357963,-13.0,6.55,-13.0,6.55,shrt_ientry,1.0035315024404061
330668,1617744759775,0.04239956291073821,0.0005067830968345548,10.611809385661463,10.611809385661463,0.0,13.0,6.413,0.0,0.0,shrt_nclose,1.003742314406713
331640,1617747625535,0.0,0.0004970939125114714,10.612306479573974,10.612002400104629,0.18736507976593114,-13.0,6.538,-13.0,6.538,shrt_ientry,1.0037356541633853
339116,1617767082517,0.0,0.0005138746145940391,10.612820354188568,10.53422890364904,0.3808775588285862,-14.0,6.811,-27.0,6.679555555555556,shrt_rentry,1.0032266110096
347710,1617779085009,0.08247116985377331,0.0010311640696608615,10.696322688112001,10.696322688112001,0.0,27.0,6.546,0.0,0.0,shrt_nclose,1.004139617501356
349697,1617780447042,0.0,0.0004857997010463378,10.696808487813048,10.696518068024648,0.18166154946115487,-13.0,6.69,-13.0,6.69,shrt_ientry,1.00413673278183
351736,1617783313201,0.040020112672009917,0.0004958047292143402,10.737324405214272,10.737324405214272,0.0,13.0,6.555,0.0,0.0,shrt_nclose,1.0043622820353213
359459,1617792818045,0.0,0.00040420371867421184,10.737728608932946,10.737467157627206,0.15057326680353839,10.0,6.185,10.0,6.185,long_ientry,1.0043338641947643
362228,1617794252323,0.018604869902217047,0.00039955250119865757,10.756733031336362,10.756733031336362,0.0,-10.0,6.257,0.0,0.0,long_nclose,1.0044388055361497
362516,1617794578573,0.0,0.0004034861200774694,10.75713651745644,10.756875993730805,0.15003476786696948,10.0,6.196,10.0,6.196,long_ientry,1.0044385961863058
396742,1617865266440,0.007002490915694326,0.00040173549734854577,10.764540743869482,10.764540743869482,0.0,-10.0,6.223,0.0,0.0,long_nclose,1.0042695162910331
403195,1617884836475,0.0,0.0004407051282051282,10.764981448997688,10.764698990976086,0.16375509063089436,-11.0,6.24,-11.0,6.24,shrt_ientry,1.0042150410027277
413156,1617926493833,0.0,0.0005014658231754359,10.765482914820863,10.700703294373215,0.34994626699404685,-13.0,6.481,-24.0,6.370541666666666,shrt_rentry,1.0037693636688088
423128,1617978301394,0.07696506386722013,0.0009610764055742432,10.843409055093657,10.843409055093657,0.0,24.0,6.243,0.0,0.0,shrt_nclose,1.0043627183230757
425134,1617985005337,0.0,0.00041037426132632963,10.843819429354983,10.843549933862404,0.15137627991680408,10.0,6.092,10.0,6.092,long_ientry,1.0043452541654068
425246,1617985176247,0.012036396779980252,0.0004073651621313346,10.856263191297094,10.856263191297094,0.0,-10.0,6.137,0.0,0.0,long_nclose,1.004407794152355
426866,1617999106371,0.0,0.00047641734159123395,10.856739608638685,10.856437025379497,0.17552869784669042,-12.0,6.297,-12.0,6.297,shrt_ientry,1.0043708471983317
429043,1618015034290,0.03922528517477264,0.0004862236628849271,10.896451117476342,10.896451117476342,0.0,12.0,6.17,0.0,0.0,shrt_nclose,1.0045226285718767
429726,1618019903793,0.0,0.0004774029280712922,10.896928520404414,10.896624684014233,0.17524311632488326,-12.0,6.284,-12.0,6.284,shrt_ientry,1.0045100791385104
434257,1618046832490,0.0,0.0004974743609367824,10.897425994765351,10.82552643077328,0.3577027965724267,-13.0,6.533,-25.0,6.41348,shrt_rentry,1.0040984556165093
451247,1618106095668,0.0,0.0005409694171956145,10.897966964182547,10.614137643832205,0.5554556633981009,-15.0,6.932,-40.0,6.607925,shrt_rentry,1.0029726804222745
481036,1618223741869,0.12331478469746915,0.0015441630636195184,11.022825911943636,11.022825911943636,0.0,40.0,6.476,0.0,0.0,shrt_nclose,1.0045521837133293
494426,1618294446616,0.0,0.0004937708903068977,11.023319682833943,11.023019654949813,0.17917320898379532,-13.0,6.582,-13.0,6.582,shrt_ientry,1.0043852560898208
501307,1618313951407,0.0,0.0005115463314820228,11.023831229165426,10.949706653745158,0.3646429603266177,-14.0,6.842,-27.0,6.716814814814814,shrt_rentry,1.0040431131771776
504238,1618317065682,0.0,0.0005493750858398572,11.024380604251265,10.721529036458149,0.5630994567774606,-16.0,7.281,-43.0,6.926744186046511,shrt_rentry,1.0030982326337983
525978,1618361921200,0.0,0.0006318716036901302,11.025012475854956,10.283740431577833,0.7892823937769514,-20.0,7.913,-63.0,7.2398412698412695,shrt_rentry,1.001215072114651
556512,1618409651174,0.17764436205928047,0.0022198731501057085,11.204876711064342,11.204876711064342,0.0,63.0,7.095,0.0,0.0,shrt_nclose,1.0048335839404163
560942,1618413487417,0.0,0.0005057316250842886,11.205382442689427,11.20510966403512,0.18053167847536916,-15.0,7.415,-15.0,7.415,shrt_ientry,1.0048253663597317
561783,1618414362934,0.042335787973461214,0.0005163155720776538,11.248234546234967,11.248234546234967,0.0,15.0,7.263,0.0,0.0,shrt_nclose,1.0049865298779892
562450,1618415016924,0.0,0.0005060045877749292,11.248740550822742,11.24846747765071,0.17993288599332824,-15.0,7.411,-15.0,7.411,shrt_ientry,1.0049858100620972
570998,1618423453885,0.04181280163406645,0.0005164577881834458,11.291069810244991,11.291069810244991,0.0,15.0,7.261,0.0,0.0,shrt_nclose,1.0051252144149978
575392,1618430321204,0.0,0.0005060728744939271,11.291575883119485,11.291302736243493,0.17927448913503333,-15.0,7.41,-15.0,7.41,shrt_ientry,1.0051089477502917
578407,1618438689756,0.0,0.0005513036710338566,11.29212718679052,11.21472269337464,0.3744076186338955,-17.0,7.709,-32.0,7.56884375,shrt_rentry,1.0048024140315124
584011,1618453294214,0.08771808473528786,0.001078894133513149,11.380924165659321,11.380924165659321,0.0,32.0,7.415,0.0,0.0,shrt_nclose,1.0053822167970643
584651,1618454913210,0.0,0.0005334755934915978,11.381457641252814,11.381173082995183,0.18748937449206216,-16.0,7.498,-16.0,7.498,shrt_ientry,1.0053789354463687
593806,1618484689570,0.04385725581447186,0.0005444399074452157,11.425859336974732,11.425859336974732,0.0,16.0,7.347,0.0,0.0,shrt_nclose,1.0054640107652775
595171,1618488798549,0.0,0.0005333333333333334,11.426392670308065,11.42610826378449,0.18670225983716493,-16.0,7.5,-16.0,7.5,shrt_ientry,1.0054542732295124
598510,1618498083496,0.0,0.0005436172934254285,11.42693628760149,11.341477176775358,0.3768243347100535,-17.0,7.818,-33.0,7.663818181818182,shrt_rentry,1.0051267957257717
612508,1618535890992,0.0,0.000600096015362458,11.427536383616854,11.092458220011125,0.5858946625959497,-20.0,8.332,-53.0,7.915962264150943,shrt_rentry,1.0041468319242581
620887,1618549208711,0.13456433343436006,0.001707474226804124,11.563808191278017,11.563808191278017,0.0,53.0,7.76,0.0,0.0,shrt_nclose,1.0057804367168395
629790,1618560965418,0.0,0.0005433392994119151,11.56435153057743,11.564073714241285,0.18793593327745722,-17.0,7.822,-17.0,7.822,shrt_ientry,1.005750223840376
631331,1618564210009,0.04480564160077405,0.0005545407098121086,11.609711712888016,11.609711712888016,0.0,17.0,7.664,0.0,0.0,shrt_nclose,1.0058977752348974
636941,1618571962331,0.0,0.0004478434614854623,11.610159556349501,11.609912674617702,0.1542936457718328,13.0,7.257,13.0,7.257,long_ientry,1.0058776224345203
638275,1618572482357,0.021221340495226254,0.00044253812636165576,11.631823434971087,11.631823434971087,0.0,-13.0,7.344,0.0,0.0,long_nclose,1.0059506723115845
642900,1618580748726,0.0,0.00044667399670148434,11.63227010896779,11.632024515017713,0.15359822030168477,13.0,7.276,13.0,7.276,long_ientry,1.0059290236012222
644698,1618581934875,0.017747830594208147,0.0004422370390529324,11.650460176601051,11.650460176601051,0.0,-13.0,7.349,0.0,0.0,long_nclose,1.0059880944472692
647366,1618587071912,0.0,0.0004931614939505523,11.650953338095002,11.650693950063996,0.16931197976325843,-15.0,7.604,-15.0,7.604,shrt_ientry,1.0059749578709714
648754,1618588149341,0.0,0.0005377704669112995,11.651491108561913,11.577873396815201,0.35379168805862066,-17.0,7.903,-32.0,7.76284375,shrt_rentry,1.0057262594901168
651803,1618589496868,0.0,0.0005662851692894612,11.652057393731203,11.35305464138236,0.5474048242105581,-19.0,8.388,-51.0,7.995745098039215,shrt_rentry,1.0049549420547916
701495,1618672864768,0.13086092104422462,0.0016273133375877473,11.784545628113015,11.784545628113015,0.0,51.0,7.835,0.0,0.0,shrt_nclose,1.0061829727220548
705139,1618675297955,0.0,0.00045549193128578865,11.785001120044301,11.784763977297308,0.15460055595958277,14.0,7.684,14.0,7.684,long_ientry,1.006177122251071
705875,1618675556233,0.02201915224523726,0.0004499871432244793,11.807470259432762,11.807470259432762,0.0,-14.0,7.778,0.0,0.0,long_nclose,1.0062490490743228
712818,1618693138458,0.0,0.0005250803063998024,11.807995339739161,11.807735880662497,0.17787280272127934,-17.0,8.094,-17.0,8.094,shrt_ientry,1.006202425427914
714361,1618702054143,0.04695678374776542,0.0005368195023367437,11.855488942989263,11.855488942989263,0.0,17.0,7.917,0.0,0.0,shrt_nclose,1.006329172667609
716573,1618705449098,0.0,0.0004540147879102348,11.855942957777174,11.855471682533462,0.15317711616094223,14.0,7.709,14.0,7.709,long_ientry,1.006319884135246
730157,1618716809046,0.0,0.0018270401948842876,11.857769997972058,11.500015317717573,0.7660285568733458,48.0,6.568,62.0,6.825645161290322,long_rentry,1.005161460067128
764739,1618761502266,0.1069896864231753,0.0022441001882148545,11.967003784583447,11.967003784583447,0.0,-62.0,6.907,0.0,0.0,long_nclose,1.006511832415615
776469,1618790449610,0.0,0.0004419363611639924,11.96744572094461,11.96720537486104,0.1477128441503755,-13.0,7.354,-13.0,7.354,shrt_ientry,1.006434270442217
776809,1618790701426,0.04637679927369798,0.00045353056098241694,12.01427605077929,12.01427605077929,0.0,13.0,7.166,0.0,0.0,shrt_nclose,1.0065746935234765
777975,1618792562560,0.0,0.0004760609357997824,12.01475211171509,12.014493136637816,0.15849213745678364,-14.0,7.352,-14.0,7.352,shrt_ientry,1.0065702723928376
783486,1618809633188,0.04182242305052297,0.0004865165415624132,12.057061051307175,12.057061051307175,0.0,14.0,7.194,0.0,0.0,shrt_nclose,1.0066502699493094
785088,1618815479517,0.0,0.0005102735065995373,12.057571324813773,12.057293624946237,0.16927903401223907,-15.0,7.349,-15.0,7.349,shrt_ientry,1.0066349971657558
786518,1618820253054,0.04368707158656254,0.0005211952744961779,12.101779591674832,12.101779591674832,0.0,15.0,7.195,0.0,0.0,shrt_nclose,1.0067528153883547
789750,1618827237934,0.0,0.0004350348027842228,12.102214626477616,12.101962249507183,0.14378684107367903,12.0,6.896,12.0,6.896,long_ientry,1.0067340805360163
789904,1618827336481,0.017238995774364052,0.0004307250538406318,12.11988434730582,12.11988434730582,0.0,-12.0,6.965,0.0,0.0,long_nclose,1.0067862179371976
790093,1618827598597,0.0,0.0004351610095735422,12.120319508315394,12.120066984880271,0.14361370895379155,12.0,6.894,12.0,6.894,long_ientry,1.0067860249748517
790317,1618827943364,0.01724894997017068,0.0004308487720809996,12.137999307057646,12.137999307057646,0.0,-12.0,6.963,0.0,0.0,long_nclose,1.0068374192611764
790663,1618828844748,0.0,0.0004351610095735422,12.138434468067219,12.138181944632096,0.14339938505853533,12.0,6.894,12.0,6.894,long_ientry,1.0068354355446378
791554,1618829991969,0.01675379263980903,0.00043097256141359,12.155619233268443,12.155619233268443,0.0,-12.0,6.961,0.0,0.0,long_nclose,1.006883025173881
794881,1618838290328,0.0,0.00043547684714762664,12.15605471011559,12.155801819960452,0.14329545482721368,12.0,6.889,12.0,6.889,long_ientry,1.0068603235506262
795371,1618839416891,0.016033665017947896,0.00043146843089313965,12.172519843564432,12.172519843564432,0.0,-12.0,6.953,0.0,0.0,long_nclose,1.0069056227250472
796206,1618841380371,0.0,0.00043566656985187334,12.172955510134283,12.171942626507775,0.143158847328135,12.0,6.886,12.0,6.886,long_ientry,1.0068984445990719
809232,1618870585964,0.01331046444856554,0.000432338953739732,12.186698313536589,12.186698313536589,0.0,-12.0,6.939,0.0,0.0,long_nclose,1.006859728521081
810625,1618874825172,0.0,0.0004109998505455089,12.187109313387134,12.18686357356618,0.1348965829309627,11.0,6.691,11.0,6.691,long_ientry,1.0068485448656144
834040,1618927083239,0.012194032058908538,0.0004079513425307818,12.199711296788575,12.199711296788575,0.0,-11.0,6.741,0.0,0.0,long_nclose,1.0067439072541933
837231,1618932947674,0.0,0.0004303599374021909,12.200141656725977,12.199872218668439,0.14109998047930275,11.0,6.39,11.0,6.39,long_ientry,1.0067288648390929
837482,1618933470629,0.02023343967990529,0.00042530157748221466,12.220800397983366,12.220800397983366,0.0,-11.0,6.466,0.0,0.0,long_nclose,1.0067856730576143
854688,1618992223396,0.0,0.00042255685310387214,12.22122295483647,12.220963199586368,0.13830264112370128,11.0,6.508,11.0,6.508,long_ientry,1.0066335034171014
855841,1618994193904,0.015185536368587604,0.00041876046901172525,12.23682725167407,12.23682725167407,0.0,-11.0,6.567,0.0,0.0,long_nclose,1.00667151899148
857088,1618999642208,0.0,0.0004237941131145015,12.237251045787184,12.236989767049137,0.1385259194336452,11.0,6.489,11.0,6.489,long_ientry,1.0066580835376528
861789,1619009893733,0.014504183550442945,0.0004201680672268908,12.252175397404855,12.252175397404855,0.0,-11.0,6.545,0.0,0.0,long_nclose,1.0066730092232439
870234,1619044697152,0.0,0.00042622442653440795,12.25260162183139,12.252337337579934,0.13914577154780633,11.0,6.452,11.0,6.452,long_ientry,1.0065862844136233
884534,1619087295656,0.013110563719913954,0.00042294678560442944,12.26613513233691,12.26613513233691,0.0,-11.0,6.502,0.0,0.0,long_nclose,1.0065186878036088
887956,1619094885276,0.0,0.0004807692307692308,12.266615901567679,12.266331464809348,0.1567732240504207,-13.0,6.76,-13.0,6.76,shrt_ientry,1.00650097533018
888484,1619095745755,0.045128981540790425,0.0004920514761544285,12.312236934584623,12.312236934584623,0.0,13.0,6.605,0.0,0.0,shrt_nclose,1.00661814935179
891175,1619103873931,0.0,0.0005181347150259067,12.31275506929965,12.312448299190102,0.16832454218725176,-14.0,6.755,-14.0,6.755,shrt_ientry,1.0065989454971624
894158,1619111973978,0.044183244522922605,0.0005291805261566374,12.357467494348729,12.357467494348729,0.0,14.0,6.614,0.0,0.0,shrt_nclose,1.006695197082311
897279,1619118777967,0.0,0.000429553264604811,12.357897047613333,12.357628618764963,0.13903765760462297,11.0,6.402,11.0,6.402,long_ientry,1.0066789747816893
912445,1619142582708,0.0,0.0017323121808898614,12.359629359794223,12.034391632630237,0.6967422323255144,38.0,5.484,49.0,5.690081632653062,long_rentry,1.0057899677641307
1020609,1619440506459,0.0029023144570270998,0.0021521433591004916,12.36468381761035,12.36468381761035,0.0,-49.0,5.692,0.0,0.0,long_nclose,1.0059929477577316
1020615,1619440522749,0.0,0.0004830493588617601,12.365166866969211,12.364827527763829,0.1562613312246093,-11.0,5.693,-11.0,5.693,shrt_ientry,1.0059932449879228
1021985,1619442805580,0.04515291508324912,0.0004943375876325723,12.410814119640094,12.410814119640094,0.0,11.0,5.563,0.0,0.0,shrt_nclose,1.0060938291751778
1022242,1619443140830,0.0,0.0005369608018614641,12.411351080441955,12.410198391779641,0.17305474589551084,-12.0,5.587,-12.0,5.587,shrt_ientry,1.0060917581984363
1033703,1619480513255,0.0,0.0005555555555555556,12.41190663599751,12.316922263993318,0.35190066964753514,-13.0,5.85,-25.0,5.7237599999999995,shrt_rentry,1.0058074352965984
1059372,1619569258036,0.0,0.0006475635421725757,12.412554199539683,12.10060041489219,0.5597885494908759,-16.0,6.177,-41.0,5.9006341463414635,shrt_rentry,1.0051645320551506
1065649,1619590130569,0.1388890169069678,0.0017718236819360413,12.553215040128586,12.553215040128586,0.0,41.0,5.785,0.0,0.0,shrt_nclose,1.0061221644687017
1070992,1619607824113,0.0,0.0005491720175735045,12.55376421214616,12.553393087282112,0.1749824222577523,-13.0,5.918,-13.0,5.918,shrt_ientry,1.0060889757140627
1075533,1619622566733,0.04469124005080943,0.000560344827586207,12.599015797024556,12.599015797024556,0.0,13.0,5.8,0.0,0.0,shrt_nclose,1.0061582729984264
1077982,1619633325767,0.0,0.0005508474576271186,12.599566644482183,12.599193251865591,0.17487822340885198,-13.0,5.9,-13.0,5.9,shrt_ientry,1.0061382750180243
1080151,1619643769608,0.044967139398132294,0.0005620892424766517,12.645095873122791,12.645095873122791,0.0,13.0,5.782,0.0,0.0,shrt_nclose,1.006215231367742
1080421,1619646098450,0.0,0.0005512211668928087,12.645647094289684,12.645273194905663,0.17435918076243648,-13.0,5.896,-13.0,5.896,shrt_ientry,1.0062111701388659
1085217,1619671615591,0.04541825782256825,0.0005625757313484507,12.691627927843601,12.691627927843601,0.0,13.0,5.777,0.0,0.0,shrt_nclose,1.006259385164365
1086077,1619676676860,0.0,0.0005519701086956522,12.692179897952297,12.691804981933485,0.17395596757487017,-13.0,5.888,-13.0,5.888,shrt_ientry,1.0062501379270536
1095000,1619715369154,0.04515249416019898,0.000563258232235702,12.737895650344731,12.737895650344731,0.0,13.0,5.77,0.0,0.0,shrt_nclose,1.006271837826685
1099366,1619734497286,0.0,0.0005556505385535989,12.738451300883284,12.738071368891111,0.17447977793503677,-13.0,5.849,-13.0,5.849,shrt_ientry,1.0062364133353952
1101823,1619746992439,0.0,0.0005763214226905978,12.739027622305974,12.657912175567494,0.35530903469412783,-14.0,6.073,-27.0,5.965148148148148,shrt_rentry,1.0060506978028076
1113998,1619799105081,0.0,0.0006596306068601584,12.739687252912834,12.413008412925294,0.5616100148563993,-17.0,6.443,-44.0,6.149772727272727,shrt_rentry,1.0054631830205267
1196943,1620123248621,0.0,0.0007208765859284891,12.740408129498762,11.959213189316905,0.7854603237754292,-20.0,6.936,-64.0,6.395468749999999,shrt_rentry,1.0041285105432625
1229798,1620172915074,0.21492416926868785,0.002555502315923974,12.957887801083373,12.957887801083373,0.0,64.0,6.261,0.0,0.0,shrt_nclose,1.0059063026037927
1229811,1620172917709,0.0,0.0004798464491362764,12.95836764753251,12.958060594933478,0.14811941200870224,12.0,6.252,12.0,6.252,long_ientry,1.0059066033468052
1230278,1620173057908,0.020651619329915882,0.00047468354430379745,12.97949395040673,12.97949395040673,0.0,-12.0,6.32,0.0,0.0,long_nclose,1.0059441661691055
1231806,1620174790439,0.0,0.0005699088145896657,12.980063859221321,12.979717462737753,0.17562588929323025,-15.0,6.58,-15.0,6.58,shrt_ientry,1.0059418440601087
1233514,1620176118026,0.0,0.00058470983774302,12.980648569059063,12.894757744670667,0.3556624875721972,-16.0,6.841,-31.0,6.714709677419355,shrt_rentry,1.0057897675872753
1237638,1620179168585,0.0,0.0006541798650323647,12.981302748924096,12.642477569611138,0.5564181767206425,-19.0,7.261,-50.0,6.9223,shrt_rentry,1.005334316465239
1267931,1620229755570,0.0,0.000762098310682078,12.982064847234778,12.145851294800124,0.7883362522759368,-24.0,7.873,-74.0,7.2306351351351354,shrt_rentry,1.004362529543823
1289947,1620253542956,0.0,0.0008759041591320072,12.98294075139391,11.226730067494287,1.0492197790036324,-31.0,8.848,-105.0,7.708142857142858,shrt_rentry,1.002578463983187
1360158,1620314667177,0.0,0.0009269196994828764,12.983867671093392,9.87743785065476,1.313757176577671,-38.0,10.249,-143.0,8.383335664335664,shrt_rentry,0.9997298468172104
1386232,1620318848574,0.0,0.0010638297872340426,12.984931500880627,8.054690556639777,1.5915085505532192,-53.0,12.455,-196.0,9.484346938775511,shrt_rentry,0.9952764659235509
1766891,1620562424968,0.46872459626029217,0.005283588527064914,13.458939685667985,13.458939685667985,0.0,196.0,9.274,0.0,0.0,shrt_nclose,1.006142523015254
1766924,1620562426257,0.0,0.0005123503397691727,13.459452036007754,13.459230957112492,0.1522648435905099,19.0,9.271,19.0,9.271,long_ientry,1.0061429699858926
1767682,1620562523049,0.036476261079021396,0.0005032312744994173,13.496431528361276,13.496431528361276,0.0,-19.0,9.439,0.0,0.0,long_nclose,1.006200076456308
1767747,1620562532618,0.0,0.0005023796932839767,13.49693390805456,13.49650874804755,0.1488870573735778,19.0,9.455,19.0,9.455,long_ientry,1.006200180931386
1776088,1620567429129,0.02456265111334091,0.0004962390305056415,13.521992798198406,13.521992798198406,0.0,-19.0,9.572,0.0,0.0,long_nclose,1.006232006238082
1784296,1620576263401,0.0,0.000536794846769471,13.522529593045176,13.522110549448948,0.15878533467452777,-22.0,10.246,-22.0,10.246,shrt_ientry,1.0062190529907147
1787099,1620578138159,0.049964326094991435,0.0005492859282932189,13.573043205068462,13.573043205068462,0.0,22.0,10.013,0.0,0.0,shrt_nclose,1.0062939678725793
1797649,1620598115780,0.0,0.0005633940819126004,13.573606599150375,13.573385811815443,0.16602634761725463,-23.0,10.206,-23.0,10.206,shrt_ientry,1.0062646468575467
1812104,1620616895348,0.0,0.0006356530746774649,13.574242252225053,13.488025853908349,0.3531920410487551,-27.0,10.619,-50.0,10.42902,shrt_rentry,1.0061076770243376
1832245,1620639818017,0.09661788492592929,0.0012227330529198865,13.672082870203903,13.672082870203903,0.0,50.0,10.223,0.0,0.0,shrt_nclose,1.0063508211614822
1836020,1620644013763,0.0,0.0005237430167597766,13.672606613220664,13.672188538571485,0.15322404324961583,21.0,10.024,21.0,10.024,long_ientry,1.006344722397391
1836613,1620644389333,0.018231560709992475,0.0005191851265822784,13.691357359057239,13.691357359057239,0.0,-21.0,10.112,0.0,0.0,long_nclose,1.006372671142213
1836805,1620644497886,0.0,0.000523795270876983,13.691881154328117,13.691672096147762,0.1530236101155193,21.0,10.023,21.0,10.023,long_ientry,1.006372976487524
1837291,1620644833036,0.018029748196359066,0.0005192878338278932,13.710430190358304,13.710430190358304,0.0,-21.0,10.11,0.0,0.0,long_nclose,1.0064003310499503
1837906,1620645402725,0.0,0.0005238998103981638,13.710954090168702,13.710744948527825,0.1528412412302717,21.0,10.021,21.0,10.021,long_ientry,1.0063999422894183
1838117,1620645606555,0.017214443492892847,0.0005195961995249406,13.72868812986112,13.72868812986112,0.0,-21.0,10.104,0.0,0.0,long_nclose,1.0064262415464829
1838315,1620645792155,0.0,0.0005238475354220714,13.729211977396542,13.729002877492173,0.15262275395981123,21.0,10.022,21.0,10.022,long_ientry,1.0064264279981456
1839019,1620646151589,0.016799624020266093,0.0005196476294170049,13.746531249046225,13.746531249046225,0.0,-21.0,10.103,0.0,0.0,long_nclose,1.0064518395032178
1842806,1620650202793,0.0,0.0006040398183048227,13.747135288864529,13.746901798405192,0.17575729215209157,-25.0,10.347,-25.0,10.347,shrt_ientry,1.00644625925448
1845066,1620653031638,0.05054028277478931,0.00061667488899852,13.798292246528318,13.798292246528318,0.0,25.0,10.135,0.0,0.0,shrt_nclose,1.0065177673356436
1847495,1620655409926,0.0,0.0004996003197442046,13.798791846848061,13.7985921465104,0.1448243658689073,20.0,10.008,20.0,10.008,long_ientry,1.0065145785379412
1848495,1620655878095,0.014667892743928657,0.0004959333465582225,13.813955672938548,13.813955672938548,0.0,-20.0,10.082,0.0,0.0,long_nclose,1.0065364502431193
1849413,1620656642994,0.0,0.0005017561465127947,13.81445742908506,13.814054533454016,0.14528435853192284,20.0,9.965,20.0,9.965,long_ientry,1.006535424987055
1850699,1620657803356,0.014794284228288601,0.0004980575754557227,13.829749770888805,13.829749770888805,0.0,-20.0,10.039,0.0,0.0,long_nclose,1.0065566876134726
1851812,1620658796063,0.0,0.0005041847332862761,13.83025395562209,13.830050573317417,0.14582081714597053,20.0,9.917,20.0,9.917,long_ientry,1.0065556057387028
1852174,1620658934968,0.015938613017053294,0.0005002000800320128,13.846692768719175,13.846692768719175,0.0,-20.0,9.996,0.0,0.0,long_nclose,1.0065797851548963
1854082,1620660063289,0.0,0.0006081541305828549,13.847300922849758,13.847064240954222,0.1756744174106379,-25.0,10.277,-25.0,10.277,shrt_ientry,1.0065785924424389
1860588,1620665250927,0.0,0.0006562910181886368,13.847957213867947,13.760510704977536,0.36511098079085014,-28.0,10.666,-53.0,10.482509433962264,shrt_rentry,1.0064436335959608
1864977,1620668260452,0.10361608056721912,0.0012899143302180685,13.952863208765384,13.952863208765384,0.0,53.0,10.272,0.0,0.0,shrt_nclose,1.0067200616009984
1868368,1620670559712,0.0,0.0005235341045073794,13.953386742869892,13.952969001713292,0.15008086972860624,21.0,10.028,21.0,10.028,long_ientry,1.0067166091100088
1868693,1620670839674,0.014928497237437832,0.0005198019801980198,13.968835042087528,13.968835042087528,0.0,-21.0,10.1,0.0,0.0,long_nclose,1.0067391609123437
1868805,1620670952869,0.0,0.0005236385397965291,13.969358680627325,13.969149747544115,0.14993917810205842,21.0,10.026,21.0,10.026,long_ientry,1.0067394386519746
1868849,1620670991651,0.015140355839250247,0.0005198534508367165,13.985018889917411,13.985018889917411,0.0,-21.0,10.099,0.0,0.0,long_nclose,1.0067623458573578
1868995,1620671126190,0.0,0.0005236907730673317,13.985542580690478,13.985333605920697,0.14978060952469008,21.0,10.025,21.0,10.025,long_ientry,1.0067625887893517
1879338,1620677059401,0.0,0.0021340037418147804,13.987676584432293,13.579115151903563,0.7566878484075326,73.0,8.552,94.0,8.881074468085105,long_rentry,1.0061579580737632
1892805,1620680261681,0.169946379062898,0.0026035896299578996,14.160226553125149,14.160226553125149,0.0,-94.0,9.026,0.0,0.0,long_nclose,1.0069991062076407
1907670,1620691513476,0.0,0.0004923952292373346,14.160718948354386,14.160287826341264,0.139087635601879,18.0,9.139,18.0,9.139,long_ientry,1.0069809013783366
1907801,1620691588846,0.023003648646104546,0.00048664431707580837,14.184209241317568,14.184209241317568,0.0,-18.0,9.247,0.0,0.0,long_nclose,1.0070147705863177
1911569,1620694685027,0.0,0.0004918570335555799,14.184701098351123,14.184486031873837,0.138700711462367,18.0,9.149,18.0,9.149,long_ientry,1.00701012220471
1915333,1620697061613,0.02021913378960641,0.0004868022501081783,14.205407034390838,14.205407034390838,0.0,-18.0,9.244,0.0,0.0,long_nclose,1.0070359009810594
1918454,1620700959359,0.0,0.0004971277065841804,14.205904162097422,14.205684461420553,0.13997777287856408,18.0,9.052,18.0,9.052,long_ientry,1.0070299373224756
1924146,1620706739625,0.021082692114401863,0.0004918570335555799,14.227478711245379,14.227478711245379,0.0,-18.0,9.149,0.0,0.0,long_nclose,1.0070512974506678
1944261,1620735925263,0.0,0.0004972375690607734,14.22797594881444,14.227756151016202,0.13979151239771564,18.0,9.05,18.0,9.05,long_ientry,1.0070043712939536
1945084,1620736536889,0.018938237280633707,0.000492503009740615,14.247406689104814,14.247406689104814,0.0,-18.0,9.137,0.0,0.0,long_nclose,1.0070308953511626
1946355,1620737123262,0.0,0.0005710132890365449,14.24797770239385,14.247503537320952,0.16030718210363484,-22.0,9.632,-22.0,9.632,shrt_ientry,1.0070300832072356
1948899,1620737450950,0.0,0.0006214576911603857,14.24859916008501,14.15382586734212,0.33460626096917506,-25.0,10.057,-47.0,9.858063829787234,shrt_rentry,1.0068981070993124
1952983,1620737886288,0.0,0.000678648319760367,14.249277808404772,13.891180848862732,0.524298282208024,-29.0,10.683,-76.0,10.172842105263157,shrt_rentry,1.006524317730512
1963752,1620739152762,0.0,0.0008213019797700354,14.250099110384541,13.38642549105885,0.7520468325410172,-38.0,11.567,-114.0,10.637561403508771,shrt_rentry,1.0057857784125497
2007519,1620748511158,0.0,0.0009363295880149813,14.251035439972556,12.531660460147545,1.0074953628332568,-48.0,12.816,-162.0,11.283024691358024,shrt_rentry,1.004464321939812
2088375,1620777623849,0.0,0.0009644670050761422,14.251999906977632,11.110578638786286,1.260367195831063,-57.0,14.775,-219.0,12.19189497716895,shrt_rentry,1.0020670826681455
2184448,1620833587968,0.43133385720847583,0.004598521753737611,14.687932285939844,14.687932285939844,0.0,219.0,11.906,0.0,0.0,shrt_nclose,1.0074712828444294
2184485,1620833592250,0.0,0.0005460808199613542,14.688478366759806,14.688111284450782,0.1487099769836313,26.0,11.903,26.0,11.903,long_ientry,1.0074715133688081
2185560,1620833872723,0.03147075024369461,0.0005382131324004305,14.720487330135903,14.720487330135903,0.0,-26.0,12.077,0.0,0.0,long_nclose,1.0075139899249401
2185597,1620833885386,0.0,0.0005372788890725739,14.721024609024976,14.720491550185052,0.14598953628355077,26.0,12.098,26.0,12.098,long_ientry,1.0075139741157706
2186267,1620834135782,0.025973305759510235,0.0005307855626326964,14.74752870034712,14.74752870034712,0.0,-26.0,12.246,0.0,0.0,long_nclose,1.0075493435672556
2187010,1620834511027,0.0,0.0005349353962636821,14.748063635743383,14.74788752532486,0.14508627287645096,26.0,12.151,26.0,12.151,long_ientry,1.007549181028153
2190779,1620835653804,0.021787854197771267,0.0005294884327142392,14.77038097837387,14.77038097837387,0.0,-26.0,12.276,0.0,0.0,long_nclose,1.0075769589929773
2191487,1620835885536,0.0,0.0005403607947460304,14.770921339168616,14.770741638205948,0.14633096537130288,26.0,12.029,26.0,12.029,long_ientry,1.0075770403418527
2193261,1620836406818,0.023988394373796074,0.0005343636961525814,14.795444097238565,14.795444097238565,0.0,-26.0,12.164,0.0,0.0,long_nclose,1.0076087311195874
2193695,1620836530000,0.0,0.0005218770875083501,14.795965974326073,14.795791652125653,0.1410863172878094,25.0,11.976,25.0,11.976,long_ientry,1.0076089784028144
2193856,1620836572644,0.025482615952238802,0.0005155064335202904,14.821964096711833,14.821964096711833,0.0,-25.0,12.124,0.0,0.0,long_nclose,1.0076433626059362
2196264,1620837403032,0.0,0.0005223132207922448,14.822486409932624,14.822311796235745,0.14095158028068488,25.0,11.966,25.0,11.966,long_ientry,1.0076423933505192
2197476,1620837861981,0.02399059485836373,0.0005163155720776538,14.846993320363065,14.846993320363065,0.0,-25.0,12.105,0.0,0.0,long_nclose,1.0076740345813044
2206489,1620843087144,0.0,0.0005227500836400134,14.847516070446705,14.847341164521605,0.14083165996513675,25.0,11.956,25.0,11.956,long_ientry,1.007665489691632
2219652,1620849187021,0.01923436124439959,0.0005179414933289136,14.867268373184432,14.867268373184432,0.0,-25.0,12.067,0.0,0.0,long_nclose,1.0076810848527984
2227416,1620857293698,0.0,0.0005327309921581999,14.867801104176591,14.867619455214982,0.14332475620986015,25.0,11.732,25.0,11.732,long_ientry,1.0076676097692998
2248281,1620864131269,0.0,0.002151290774464679,14.869952394951056,14.450215648028612,0.7187675126328272,86.0,9.994,111.0,10.38544144144144,long_rentry,1.0071042473530978
2258525,1620865114614,0.1945616680939879,0.002623369256948384,15.067137432301992,15.067137432301992,0.0,-111.0,10.578,0.0,0.0,long_nclose,1.0079125002921168
2267583,1620867625062,0.0,0.0005250596658711217,15.067662491967864,15.06726141516781,0.1393871587317584,22.0,10.475,22.0,10.475,long_ientry,1.0079082245069813
2268104,1620867778189,0.032569490552156105,0.0005169172932330827,15.100748899813253,15.100748899813253,0.0,-22.0,10.64,0.0,0.0,long_nclose,1.0079509502622026
2280417,1620876646788,0.0,0.0005374334049911207,15.101286333218244,15.101085385973903,0.1423543380695803,23.0,10.699,23.0,10.699,long_ientry,1.0079356681850036
2281870,1620877962627,0.02521856361864863,0.0005311287640864585,15.12703602560098,15.12703602560098,0.0,-23.0,10.826,0.0,0.0,long_nclose,1.007966520521838
2291946,1620890130846,0.0,0.0006008583690987124,15.127636883970078,15.127430598374302,0.15887699412864908,-28.0,11.65,-28.0,11.65,shrt_ientry,1.0079454865094308
2293394,1620891022443,0.05702346560866489,0.0006151142355008787,15.185275463814245,15.185275463814245,0.0,28.0,11.38,0.0,0.0,shrt_nclose,1.0080174517762703
2297160,1620893598226,0.0,0.0005536587616499031,15.185829122575894,15.185624745033758,0.14583563588946505,24.0,10.837,24.0,10.837,long_ientry,1.0080133100388502
2298527,1620894423755,0.022053281571291605,0.0005481454412570802,15.208430549588444,15.208430549588444,0.0,-24.0,10.946,0.0,0.0,long_nclose,1.0080407369029847
2299543,1620895368374,0.0,0.0005311287640864585,15.20896167835253,15.208569121985873,0.13968836934935103,23.0,10.826,23.0,10.826,long_ientry,1.008039226715448
2328926,1620911287797,0.013648683364923739,0.0005277165932452276,15.223138078310699,15.223138078310699,0.0,-23.0,10.896,0.0,0.0,long_nclose,1.0080292927556893
2337520,1620918241517,0.0,0.0005473584007615421,15.22368543671146,15.223476998630439,0.1438175803190478,23.0,10.505,23.0,10.505,long_ientry,1.008017390974941
2338356,1620918788022,0.020236206083044647,0.0005422993492407809,15.244463942143746,15.244463942143746,0.0,-23.0,10.603,0.0,0.0,long_nclose,1.0080428078134753
2340033,1620920139436,0.0,0.0005488736158839252,15.24501281575963,15.244803222016094,0.1440139467292605,23.0,10.476,23.0,10.476,long_ientry,1.008040834953278
2342271,1620921368388,0.020142151041612003,0.0005438380781235221,15.265698804879365,15.265698804879365,0.0,-23.0,10.573,0.0,0.0,long_nclose,1.0080648728759152
2342603,1620921572690,0.0,0.0005515587529976019,15.266250363632363,15.266038714072502,0.14451715119556502,23.0,10.425,23.0,10.425,long_ientry,1.008064935507892
2342699,1620921614089,0.021377027759382605,0.0005462144960577563,15.288173605887804,15.288173605887804,0.0,-23.0,10.527,0.0,0.0,long_nclose,1.008092594733574
2342855,1620921679726,0.0,0.0005273755873046313,15.28870098147511,15.288093988664093,0.13797786690802247,22.0,10.429,22.0,10.429,long_ientry,1.0080923778522757
2343044,1620921744058,0.021225177884875518,0.0005220692928334125,15.310448228652819,15.310448228652819,0.0,-22.0,10.535,0.0,0.0,long_nclose,1.0081202300917047
2346263,1620924290770,0.0,0.0005516645879305382,15.31099989324075,15.310788162445151,0.14412241964003358,23.0,10.423,23.0,10.423,long_ientry,1.0081160944877314
2377730,1620949328625,0.01346678120627609,0.0005482978926289692,15.325014972339654,15.325014972339654,0.0,-23.0,10.487,0.0,0.0,long_nclose,1.0080891983949718
2379273,1620950035353,0.0,0.0006042576926652412,15.325619230032318,15.325169926050412,0.15771178536946254,-26.0,10.757,-26.0,10.757,shrt_ientry,1.0080881371488566
2384447,1620953963480,0.0,0.0006663113006396588,15.326285541332958,15.221290235612239,0.3314356705575637,-30.0,11.256,-56.0,11.02432142857143,shrt_rentry,1.007951918572568
2391321,1620958974667,0.10310802179081369,0.0012956964368347988,15.430689259560605,15.430689259560605,0.0,56.0,10.805,0.0,0.0,shrt_nclose,1.0082025911786607
2391786,1620959438898,0.0,0.0006912442396313364,15.431380503800236,15.431125690699275,0.17917884649687846,-30.0,10.85,-30.0,10.85,shrt_ientry,1.0082022948148668
2397886,1620967262965,0.0556322930729998,0.0007051523128995864,15.487717949186136,15.487717949186136,0.0,30.0,10.636,0.0,0.0,shrt_nclose,1.0082576571834572
2399636,1620969126678,0.0,0.0006931608133086876,15.488411109999445,15.488154881993417,0.1790140533811573,-30.0,10.82,-30.0,10.82,shrt_ientry,1.0082548307516994
2403920,1620974363649,0.05594433869434631,0.0007071468979822741,15.545062595591773,15.545062595591773,0.0,30.0,10.606,0.0,0.0,shrt_nclose,1.0083148095250458
2405348,1620976332016,0.0,0.0006939946331081706,15.545756590224881,15.545499745430986,0.17856824891869258,-30.0,10.807,-30.0,10.807,shrt_ientry,1.008311772778774
2411135,1620982601721,0.0,0.0007320969030082527,15.546488687127889,15.434677326216669,0.36676278402553203,-33.0,11.269,-63.0,11.049,shrt_rentry,1.008165274369253
2453024,1621024648728,0.11583822735217834,0.0014544279250161603,15.663781342405084,15.663781342405084,0.0,63.0,10.829,0.0,0.0,shrt_nclose,1.0083670212325326
2456941,1621030667434,0.0,0.0007174244462380057,15.664498766851322,15.664241441009773,0.18319754929055113,-32.0,11.151,-32.0,11.151,shrt_ientry,1.0083567175669736
2469288,1621045091787,0.0,0.0007543103448275862,15.66525307719615,15.555966390058966,0.37564990816812605,-35.0,11.6,-67.0,11.38555223880597,shrt_rentry,1.008201538798678
2472530,1621048530525,0.12108594335494677,0.0015014342058085335,15.787840454756905,15.787840454756905,0.0,67.0,11.156,0.0,0.0,shrt_nclose,1.0084710720027728
2473299,1621049608986,0.0,0.0007088428141059721,15.788549297571011,15.788046928461085,0.1795840265615851,-32.0,11.286,-32.0,11.286,shrt_ientry,1.0084693545765526
2476423,1621054718714,0.05819959084982562,0.0007233927118184284,15.847472281132656,15.847472281132656,0.0,32.0,11.059,0.0,0.0,shrt_nclose,1.0085299701547386
2482270,1621061320472,0.0,0.0006044824700083697,15.848076763602664,15.847851881731382,0.1525692938077253,26.0,10.753,26.0,10.753,long_ientry,1.0085183574539915
2483291,1621062047790,0.02029063252333496,0.000599409811877536,15.868966805937877,15.868966805937877,0.0,-26.0,10.844,0.0,0.0,long_nclose,1.0085417643864416
2483479,1621062249927,0.0,0.0006044262599962805,15.869571232197874,15.868896586572355,0.15234847902379522,26.0,10.754,26.0,10.754,long_ientry,1.0085413125582148
2509442,1621089420597,0.012079577364840582,0.0006014063656550703,15.88225221592837,15.88225221592837,0.0,-26.0,10.808,0.0,0.0,long_nclose,1.0085074538476955
2510427,1621089704866,0.0,0.0006629480614484272,15.882915163989818,15.882672703329144,0.16695878674753142,-29.0,10.936,-29.0,10.936,shrt_ientry,1.008507428041203
2511791,1621089934912,0.0,0.0007035441034209832,15.88361870809324,15.783775644371945,0.34399561093863323,-32.0,11.371,-61.0,11.164196721311477,shrt_rentry,1.0083916770483252
2525333,1621094553143,0.10993528794988616,0.0013934576023391812,15.994947453645464,15.994947453645464,0.0,61.0,10.944,0.0,0.0,shrt_nclose,1.0086286145098404
2526791,1621094967167,0.0,0.0006071361853166449,15.99555458983078,15.995327729042245,0.151826229445682,26.0,10.706,26.0,10.706,long_ientry,1.0086282935813544
2526994,1621095017475,0.02158306750246164,0.0006017404184410295,16.017739397751683,16.017739397751683,0.0,-26.0,10.802,0.0,0.0,long_nclose,1.0086540319712227
2527210,1621095099410,0.0,0.0006072496263079222,16.018346647377992,16.017892713813193,0.1516385279144453,26.0,10.704,26.0,10.704,long_ientry,1.00865405780065
2527603,1621095217509,0.02114519906388032,0.0006019633265419522,16.040093809768415,16.040093809768415,0.0,-26.0,10.798,0.0,0.0,long_nclose,1.008679392206844
2528925,1621095778589,0.0,0.0006069094304388422,16.040700719198853,16.040247294148095,0.15134237364392497,26.0,10.71,26.0,10.71,long_ientry,1.0086785335053525
2560710,1621130213537,0.010831623967675369,0.0006042015244469233,16.052136544690974,16.052136544690974,0.0,-26.0,10.758,0.0,0.0,long_nclose,1.008629035812578
2568829,1621145498268,0.0,0.0006928406466512702,16.052829385337624,16.052573393966238,0.17264013215865828,-30.0,10.825,-30.0,10.825,shrt_ientry,1.0086017884541458
2584989,1621169141049,0.05642514079618216,0.0007069469318503157,16.109961473065656,16.109961473065656,0.0,30.0,10.609,0.0,0.0,shrt_nclose,1.0086240357535192
2589761,1621175729161,0.0,0.0005964309571524001,16.11055790402281,16.110330215167245,0.14808449482769837,25.0,10.479,25.0,10.479,long_ientry,1.0086125745620356
2639547,1621221809622,0.0,0.002365930599369085,16.112923834622176,15.62309898404795,0.7318265394473855,84.0,8.876,109.0,9.243660550458715,long_rentry,1.0079788746600047
2655082,1621231687291,0.1502974167260382,0.002910391968386201,16.266131643316598,16.266131643316598,0.0,-109.0,9.363,0.0,0.0,long_nclose,1.0086855537190562
2676896,1621258199004,0.0,0.0005876696228229512,16.266719312939422,16.266468118400923,0.1445084559504232,22.0,9.359,22.0,9.359,long_ientry,1.008638600832864
2677415,1621258682401,0.022389783492037435,0.0005820721769499419,16.28969116860841,16.28969116860841,0.0,-22.0,9.449,0.0,0.0,long_nclose,1.008663180975346
2679157,1621260826222,0.0,0.0005886760141282243,16.29027984462254,16.29002778895389,0.14454656881110553,22.0,9.343,22.0,9.343,long_ientry,1.0086597345605308
2703129,1621283349628,0.01651721412794699,0.0005845467105962377,16.30738160546108,16.30738160546108,0.0,-22.0,9.409,0.0,0.0,long_nclose,1.008638746141692
2707590,1621290802132,0.0,0.0005830094392004441,16.307964614900282,16.307705614705167,0.14299992745085044,21.0,9.005,21.0,9.005,long_ientry,1.0086259552901897
2710700,1621294068439,0.023584420537073658,0.0005771133340661757,16.332126148771422,16.332126148771422,0.0,-21.0,9.097,0.0,0.0,long_nclose,1.0086466965070842
2724482,1621313911207,0.0,0.0007000622277535781,16.332826210999176,16.332535819117915,0.1714491340836354,-27.0,9.642,-27.0,9.642,shrt_ientry,1.008612276986647
2727934,1621321005930,0.05810383088702141,0.0007145881854753336,16.39164463007167,16.39164463007167,0.0,27.0,9.446,0.0,0.0,shrt_nclose,1.0086634821530454
2733483,1621333230196,0.0,0.0007012987012987013,16.39234592877297,16.39205451023929,0.17112833131900512,-27.0,9.625,-27.0,9.625,shrt_ientry,1.0086424862632473
2744763,1621341594030,0.056490409431585384,0.0007154213036565977,16.44955175950821,16.44955175950821,0.0,27.0,9.435,0.0,0.0,shrt_nclose,1.0086892740757745
2748405,1621343692491,0.0,0.0006213529284633672,16.450173112436673,16.449904506393892,0.15108726801023425,23.0,9.254,23.0,9.254,long_ientry,1.0086859670287662
2750411,1621344619279,0.01892377819663224,0.0006166219839142093,16.469713512617222,16.469713512617222,0.0,-23.0,9.325,0.0,0.0,long_nclose,1.008705430491137
2751931,1621345946570,0.0,0.0005955603681645912,16.470309072985387,16.469793045372985,0.14463854091030504,22.0,9.235,22.0,9.235,long_ientry,1.0087031823459014
2752176,1621346107597,0.018429288281014755,0.0005909530460943375,16.489329314312496,16.489329314312496,0.0,-22.0,9.307,0.0,0.0,long_nclose,1.0087236673829056
2752340,1621346243541,0.0,0.0005955603681645912,16.48992487468066,16.48940884706826,0.14446648427829778,22.0,9.235,22.0,9.235,long_ientry,1.0087235124648266
2760182,1621351555690,0.0153775673329212,0.000591715976331361,16.505894157989914,16.505894157989914,0.0,-22.0,9.295,0.0,0.0,long_nclose,1.008731653787387
2777928,1621377898726,0.0,0.0007103767627867816,16.5066045347527,16.506305523172028,0.1721436437860173,-27.0,9.502,-27.0,9.502,shrt_ientry,1.0086859464092996
2778673,1621378860208,0.06047059287694888,0.0007254944110060189,16.567800622040657,16.567800622040657,0.0,27.0,9.304,0.0,0.0,shrt_nclose,1.0087489905456675
2782940,1621383155845,0.0,0.0007112750263435195,16.568511897067,16.567912423804174,0.1717172986354752,-27.0,9.49,-27.0,9.49,shrt_ientry,1.0087415766216017
2784717,1621385414797,0.059374937655181856,0.0007261187607573151,16.62861295348294,16.62861295348294,0.0,27.0,9.296,0.0,0.0,shrt_nclose,1.008801188688508
2785962,1621386898658,0.0,0.0006053935057787562,16.62921834698872,16.628951771248612,0.14562163852719706,22.0,9.085,22.0,9.085,long_ientry,1.0087989275597409
2806748,1621399315848,0.0,0.002424359968968192,16.631642706957688,16.15205643645359,0.7253677862524374,75.0,7.734,97.0,8.040412371134021,long_rentry,1.0082728390603244
2824449,1621410309874,0.175346000144753,0.00297217796298566,16.809960885065426,16.809960885065426,0.0,-97.0,8.159,0.0,0.0,long_nclose,1.0089451412191262
2833005,1621419145346,0.0,0.0005640511406367511,16.81052493620606,16.80995918782027,0.13421380778464873,18.0,7.978,18.0,7.978,long_ientry,1.008929412954484
2842242,1621423869957,0.0,0.0023361074609432033,16.812861043667006,16.389519575615974,0.6872391174714504,64.0,6.849,82.0,7.096829268292684,long_rentry,1.0084841252866843
2849917,1621425398119,0.27367438535210287,0.002820195350116935,17.089355624369226,17.089355624369226,0.0,-82.0,7.269,0.0,0.0,long_nclose,1.0092026646118066
2849920,1621425399344,0.0,0.000585802894555479,17.08994142726378,17.087678391799162,0.1371105681195468,17.0,7.255,17.0,7.255,long_ientry,1.0092009690874932
2851049,1621425859428,0.047155392376427324,0.0005740140464613723,17.13767083368667,17.13767083368667,0.0,-17.0,7.404,0.0,0.0,long_nclose,1.0092505239962817
2851884,1621426306786,0.0,0.0005834706205381659,17.138254304307207,17.13793384811029,0.13617970889637865,17.0,7.284,17.0,7.284,long_ientry,1.0092499663154035
2857772,1621428234152,0.0,0.0024057738572574178,17.140660078164466,16.688453550042265,0.6946841008091835,60.0,6.235,77.0,6.466597402597403,long_rentry,1.0087882527364638
2920067,1621442525118,0.1029595480094464,0.0029510961214165264,17.24657072229533,17.24657072229533,0.0,-77.0,6.523,0.0,0.0,long_nclose,1.0093289032484118
2932678,1621448257438,0.0,0.0006108486724222186,17.247181570967754,17.246783494283218,0.14166921590260578,15.0,6.139,15.0,6.139,long_ientry,1.0093185332727408
2932942,1621448378048,0.03530350330261653,0.0006020227965965644,17.283087097066968,17.283087097066968,0.0,-15.0,6.229,0.0,0.0,long_nclose,1.009354428038606
2933035,1621448427523,0.0,0.0006522093592043046,17.283739306426174,17.28288827480431,0.15094172566275865,16.0,6.133,16.0,6.133,long_ientry,1.00935413886308
2933269,1621448537782,0.03814334941361919,0.0006426735218508998,17.322525329361646,17.322525329361646,0.0,-16.0,6.224,0.0,0.0,long_nclose,1.009393282407367
2934322,1621449549857,0.0,0.0006112469437652813,17.323136576305412,17.32273798031991,0.1411400160872356,15.0,6.135,15.0,6.135,long_ientry,1.0093916124484181
2936189,1621451056497,0.03341221236016004,0.0006028938906752411,17.35715168255625,17.35715168255625,0.0,-15.0,6.22,0.0,0.0,long_nclose,1.0094228871676563
2936387,1621451242596,0.0,0.0006117455138662317,17.357763428070115,17.355765891698308,0.1409733497984993,15.0,6.13,15.0,6.13,long_ientry,1.0094211696071926
2936621,1621451448984,0.03268944320031997,0.0006035731530661516,17.391056444423498,17.391056444423498,0.0,-15.0,6.213,0.0,0.0,long_nclose,1.0094556575926195
2937007,1621451852541,0.0,0.0006115459882583171,17.391667990411758,17.391269004283387,0.14065263633033243,15.0,6.132,15.0,6.132,long_ientry,1.009455112800793
2937513,1621452267364,0.03227986548901371,0.0006034760218860636,17.424551331922657,17.424551331922657,0.0,-15.0,6.214,0.0,0.0,long_nclose,1.0094871559158192
2943511,1621457063608,0.0,0.00061055030934549,17.425161882232004,17.424366376942956,0.14015371873659382,15.0,6.142,15.0,6.142,long_ientry,1.0094779846855597
2947294,1621462008752,0.02829714983770562,0.0006034760218860636,17.454062508091596,17.454062508091596,0.0,-15.0,6.214,0.0,0.0,long_nclose,1.00949790872339
2951679,1621466019082,0.0,0.0006120450465154235,17.454674553138112,17.45387514736307,0.14025928576374086,15.0,6.127,15.0,6.127,long_ientry,1.0094902133931922
2951834,1621466115274,0.028044658472149292,0.0006050338818973862,17.48332424549216,17.48332424549216,0.0,-15.0,6.198,0.0,0.0,long_nclose,1.0095188936411175
2951908,1621466159678,0.0,0.0006120450465154235,17.483936290538676,17.483536652898117,0.14002454283630122,15.0,6.127,15.0,6.127,long_ientry,1.0095190182723515
2961304,1621471418928,0.0,0.0024904214559386974,17.486426711994614,17.000907227644994,0.7065279468541755,52.0,5.22,67.0,5.423059701492537,long_rentry,1.0090305450595087
2965316,1621472824036,0.295613885463741,0.0030147588192944563,17.78505535627765,17.78505535627765,0.0,-67.0,5.556,0.0,0.0,long_nclose,1.009798902894804
2965331,1621472825747,0.0,0.0006306306306306307,17.78568598690828,17.78295598417828,0.1418288012269701,14.0,5.55,14.0,5.55,long_ientry,1.0097968807573956
2970895,1621476141909,0.04639942383133061,0.000619030774672798,17.832704441514284,17.832704441514284,0.0,-14.0,5.654,0.0,0.0,long_nclose,1.009838231400345
2989201,1621495283016,0.0,0.0007046664578766051,17.833409107972162,17.832967795019055,0.1580553563505913,-18.0,6.386,-18.0,6.386,shrt_ientry,1.0098015523226118
2994867,1621499811567,0.05903201022019883,0.0007194244604316547,17.893160542652794,17.893160542652794,0.0,18.0,6.255,0.0,0.0,shrt_nclose,1.0098501809015135
3001949,1621507572132,0.0,0.0007849293563579278,17.89394547200915,17.893452658098393,0.17546255689350665,-20.0,6.37,-20.0,6.37,shrt_ientry,1.0098355025435994
3009825,1621513720431,0.0,0.0008240934971531315,17.894769565506305,17.75430086997484,0.3594683632803816,-22.0,6.674,-42.0,6.529238095238096,shrt_rentry,1.009691237926454
3028660,1621526630505,0.12682174241282967,0.0016398563173512417,18.023231164236485,18.023231164236485,0.0,42.0,6.403,0.0,0.0,shrt_nclose,1.009921271982959
3029713,1621526871874,0.0,0.0007212694342041995,18.02395243367069,18.023489933231957,0.16006909402552355,18.0,6.239,18.0,6.239,long_ientry,1.0099210482017182
3029844,1621526888465,0.029747787578218776,0.0007138324873096446,18.05441405373622,18.05441405373622,0.0,-18.0,6.304,0.0,0.0,long_nclose,1.0099500301606514
3031125,1621527266237,0.0,0.0007209227811598846,18.05513497651738,18.053285863901387,0.1597158441844985,18.0,6.242,18.0,6.242,long_ientry,1.0099482399620243
3031482,1621527311551,0.028361175400960004,0.0007138324873096446,18.08420998440565,18.08420998440565,0.0,-18.0,6.304,0.0,0.0,long_nclose,1.0099771166975366
3032364,1621527676411,0.0,0.0006807624539484222,18.0848907468596,18.084454500493724,0.15057043218613528,17.0,6.243,17.0,6.243,long_ientry,1.0099766360402136
3032635,1621527740652,0.025065368880500538,0.0006744961117282971,18.11063061185183,18.11063061185183,0.0,-17.0,6.301,0.0,0.0,long_nclose,1.010000988165561
3034253,1621528696324,0.0,0.000680435478706372,18.111311047330535,18.110875219962267,0.15027856943722753,17.0,6.246,17.0,6.246,long_ientry,1.0099993542896253
3034600,1621528890242,0.024613563246874803,0.0006742820878946534,18.136598892665305,18.136598892665305,0.0,-17.0,6.303,0.0,0.0,long_nclose,1.010022990833407
3034714,1621528989773,0.0,0.000680435478706372,18.13727932814401,18.13597142717581,0.1500634061803361,17.0,6.246,17.0,6.246,long_ientry,1.0100222110895556
3035784,1621529435513,0.022472305425678796,0.0006748174023499524,18.16042645097204,18.16042645097204,0.0,-17.0,6.298,0.0,0.0,long_nclose,1.010044138041157
3036680,1621530068527,0.0,0.0008084385586695412,18.16123488953071,18.160737005891807,0.1780580590663637,-21.0,6.494,-21.0,6.494,shrt_ientry,1.0100431886867287
3037546,1621530911956,0.0665757983251355,0.0008250825082508251,18.228635770364097,18.228635770364097,0.0,21.0,6.363,0.0,0.0,shrt_nclose,1.0101046577838184
3039036,1621532457892,0.0,0.0008108108108108109,18.22944658117491,18.228945771532654,0.1779123260161095,-21.0,6.475,-21.0,6.475,shrt_ientry,1.0101019034820926
3047644,1621546194536,0.0,0.0008540026733996733,18.230300583848308,18.107588852452587,0.36514583151195984,-23.0,6.733,-44.0,6.609863636363636,shrt_rentry,1.0099623154097987
3049704,1621550316458,0.1365502230955037,0.0016983171221244403,18.368549124065936,18.368549124065936,0.0,44.0,6.477,0.0,0.0,shrt_nclose,1.0101954577137136
3050425,1621551126031,0.0,0.0008402077604644057,18.3693893318264,18.368875992733404,0.18295823454700919,-22.0,6.546,-22.0,6.546,shrt_ientry,1.0101941560026437
3056372,1621556645620,0.0,0.0008798944126704796,18.37026922623907,18.237593935506936,0.3743844600872397,-24.0,6.819,-46.0,6.688434782608695,shrt_rentry,1.0100625289122442
3063710,1621567520148,0.14000053372637533,0.001754385964912281,18.512024145930358,18.512024145930358,0.0,46.0,6.555,0.0,0.0,shrt_nclose,1.0102922241088061
3069785,1621576648763,0.0,0.0007136060894386299,18.512737752019795,18.51228502809311,0.1541870465616623,18.0,6.306,18.0,6.306,long_ientry,1.0102743188438086
3071693,1621578346200,0.023790610309953053,0.0007076584368611418,18.53723602076661,18.53723602076661,0.0,-18.0,6.359,0.0,0.0,long_nclose,1.0102935308556564
3072688,1621579968711,0.0,0.0006735340729001585,18.53790955483951,18.536200619671984,0.1453311811469758,17.0,6.31,17.0,6.31,long_ientry,1.0102893719542407
3072851,1621580108925,0.02118031675786708,0.0006682389937106919,18.559758110591087,18.559758110591087,0.0,-17.0,6.36,0.0,0.0,long_nclose,1.010310377455223
3074423,1621581356337,0.0,0.000673427349073047,18.56043153794016,18.560004642631714,0.1451318300862705,17.0,6.311,17.0,6.311,long_ientry,1.0103081188092995
3074858,1621581827111,0.0207534214494213,0.0006682389937106919,18.581853198383293,18.581853198383293,0.0,-17.0,6.36,0.0,0.0,long_nclose,1.0103268920298947
3074974,1621581955484,0.0,0.0006739613066920393,18.582527159689985,18.582099587092557,0.1450741981217765,17.0,6.306,17.0,6.306,long_ientry,1.0103268584339617
3079610,1621587624106,0.01741447208090377,0.0006696076886718134,18.60061123945956,18.60061123945956,0.0,-17.0,6.347,0.0,0.0,long_nclose,1.0103322410282927
3081314,1621589951587,0.0,0.0008106856084002471,18.60142192506796,18.600921270068177,0.17432766412501774,-21.0,6.476,-21.0,6.476,shrt_ientry,1.0103278880784827
3084433,1621594955792,0.0711284832366322,0.0008284677292094051,18.6733788760338,18.6733788760338,0.0,21.0,6.337,0.0,0.0,shrt_nclose,1.0103829128293358
3086933,1621598453687,0.0,0.0008125677139761647,18.674191443747777,18.673688461566424,0.17405149056629532,-21.0,6.461,-21.0,6.461,shrt_ientry,1.0103762058767682
3088534,1621600294825,0.07146277269388626,0.0008304334071496363,18.746484649848814,18.746484649848814,0.0,21.0,6.322,0.0,0.0,shrt_nclose,1.010437489300639
3089713,1621602086485,0.0,0.0006834995175297524,18.747168149366342,18.7467283877337,0.14583525620169033,17.0,6.218,17.0,6.218,long_ientry,1.0104341126951908
3089935,1621602371446,0.02180917413943026,0.0006780472239948947,18.76965537072977,18.76965537072977,0.0,-17.0,6.268,0.0,0.0,long_nclose,1.010453939198024
3092711,1621606524215,0.0,0.0006830601092896175,18.770338430839058,18.76989923449809,0.14556159694326487,17.0,6.222,17.0,6.222,long_ientry,1.010445820386449
3130050,1621627876865,0.0,0.0027024464251849045,18.773040877264243,18.21318696421908,0.7178679784192328,57.0,5.273,74.0,5.491013513513513,long_rentry,1.009903271228114
3139497,1621636412425,0.18394769479291556,0.0033231543021375967,18.960311726359297,18.960311726359297,0.0,-74.0,5.567,0.0,0.0,long_nclose,1.0105535813300448
3144043,1621642597365,0.0,0.0006545726575649896,18.960966299016864,18.960476532718648,0.13808845967917355,14.0,5.347,14.0,5.347,long_ientry,1.0105412776904759
3144122,1621642640307,0.03954684687443666,0.0006446859458463805,19.001157831837148,19.001157831837148,0.0,-14.0,5.429,0.0,0.0,long_nclose,1.0105766912989467
3150202,1621653390175,0.0,0.000648748841519926,19.001806580678668,19.001325491437644,0.13656571837323803,14.0,5.395,14.0,5.395,long_ientry,1.010555199093134
3173465,1621680278164,0.02665928095770742,0.0006420840212804991,19.029107945657657,19.029107945657657,0.0,-14.0,5.451,0.0,0.0,long_nclose,1.0105254895288671
3183364,1621694156798,0.0,0.0006588855421686747,19.029766831199826,19.02927058902911,0.13849576781748343,14.0,5.312,14.0,5.312,long_ientry,1.0104980428032087
3186780,1621697989476,0.027980239078870595,0.000651890482398957,19.058398960761096,19.058398960761096,0.0,-14.0,5.369,0.0,0.0,long_nclose,1.0105155195454063
3188248,1621699390088,0.0,0.0006635071090047393,19.0590624678701,19.057552208896645,0.13925283263503319,14.0,5.275,14.0,5.275,long_ientry,1.0105120128198546
3189012,1621699886089,0.028864363264410164,0.0006562910181886368,19.0885831221527,19.0885831221527,0.0,-14.0,5.333,0.0,0.0,long_nclose,1.0105376864994746
3189235,1621700138328,0.0,0.0006647673314339981,19.08924788948413,19.08874274713502,0.1392967046753486,14.0,5.265,14.0,5.265,long_ientry,1.0105373221002085
3189493,1621700406600,0.028973515102891145,0.0006575239526582753,19.11887892853968,19.11887892853968,0.0,-14.0,5.323,0.0,0.0,long_nclose,1.0105626339816558
3190311,1621702206162,0.0,0.0006655257653546302,19.119544454305036,19.11903815855353,0.1392346490148258,14.0,5.259,14.0,5.259,long_ientry,1.0105591860391832
3203444,1621731948545,0.02556822149384952,0.0006591337099811676,19.145771809508865,19.145771809508865,0.0,-14.0,5.31,0.0,0.0,long_nclose,1.0105230523713156
3204937,1621736500210,0.0,0.0006805366517596734,19.146452346160626,19.145922951643506,0.14217498666715436,14.0,5.143,14.0,5.143,long_ientry,1.0105142067827846
3235867,1621772855915,0.0,0.002696190913262965,19.149148537073888,18.590248885461754,0.7019403162395373,47.0,4.358,61.0,4.53816393442623,long_rentry,1.0099671665550005
3293178,1621836826467,0.08194483756257426,0.0033399036355672364,19.23443327827203,19.23443327827203,0.0,-61.0,4.566,0.0,0.0,long_nclose,1.01039388224557
3294029,1621837335311,0.0,0.0007380851961197808,19.235171363468147,19.23454890072632,0.15348658604031323,-14.0,4.742,-14.0,4.742,shrt_ientry,1.01039300566617
3305375,1621852436537,0.059707408291961694,0.0007530120481927711,19.295631783808304,19.295631783808304,0.0,14.0,4.648,0.0,0.0,shrt_nclose,1.0104147221789859
3306086,1621853516131,0.0,0.0008447729672650475,19.29647655677557,19.29576306609376,0.17511444947568366,-16.0,4.735,-16.0,4.735,shrt_ientry,1.0104127689756883
3310337,1621859388087,0.0,0.0009019843656043296,19.297378541141175,19.12872725347264,0.3618252358625622,-18.0,4.989,-34.0,4.869470588235295,shrt_rentry,1.010263282293972
3329274,1621885598131,0.0,0.0009916887041934266,19.298370229845368,18.75453231986449,0.5664206601765475,-21.0,5.294,-55.0,5.031563636363637,shrt_rentry,1.0099016026894447
3339376,1621901122221,0.0,0.0011228191397477977,19.299493048985116,17.93278161273024,0.7956866381400567,-26.0,5.789,-81.0,5.2746913580246915,shrt_rentry,1.009166964684342
3371793,1621938900240,0.3079328283415207,0.0039160703925739705,19.61134194771921,19.61134194771921,0.0,81.0,5.171,0.0,0.0,shrt_nclose,1.0105066226440076
3381166,1621947783933,0.0,0.0008896797153024911,19.612231627434515,19.61156520068148,0.1814540501465351,-19.0,5.339,-19.0,5.339,shrt_ientry,1.0104899759218364
3397235,1621972444279,0.07347383617103392,0.0009080481743452496,19.686613511779893,19.686613511779893,0.0,19.0,5.231,0.0,0.0,shrt_nclose,1.0105030842513465
3398598,1621975821049,0.0,0.0008875186846038864,19.687501030464496,19.686837836977027,0.18032124711623632,-19.0,5.352,-19.0,5.352,shrt_ientry,1.0104969005589146
3401396,1621982859008,0.0,0.0009425493716337522,19.68844357983613,19.551119881878183,0.37165777774679964,-21.0,5.57,-40.0,5.46645,shrt_rentry,1.0103760469966703
3408497,1621995471391,0.0,0.0010530749789385006,19.689496654815066,19.128404914736876,0.584637927153542,-25.0,5.935,-65.0,5.646661538461538,shrt_rentry,1.0100134534359126
3422532,1622016174910,0.0,0.0012296341838303104,19.690726288998896,18.24067182951587,0.8306995600461946,-32.0,6.506,-97.0,5.9301546391752575,shrt_rentry,1.009242220778001
3497363,1622116896456,0.0,0.0012951601908657124,19.69202144918976,16.75254659044555,1.0837827920003762,-38.0,7.335,-135.0,6.325592592592593,shrt_rentry,1.0077889438493883
3564420,1622182711749,0.5204741918034778,0.005465587044534413,20.21796122803777,20.21796122803777,0.0,135.0,6.175,0.0,0.0,shrt_nclose,1.0105211866364043
3564440,1622182712410,0.0,0.0008094544277157196,20.218770682465486,20.211415587876473,0.16013919746717548,20.0,6.177,20.0,6.177,long_ientry,1.0105163207426804
3566845,1622184289177,0.05107456236064789,0.0007966857871255578,20.27064193061326,20.27064193061326,0.0,-20.0,6.276,0.0,0.0,long_nclose,1.010557401608068
3566855,1622184297851,0.0,0.0007561286214581343,20.271398059234716,20.26947100317493,0.1492010801127112,19.0,6.282,19.0,6.282,long_ientry,1.0105565181248228
3568631,1622185990661,0.03803224754269144,0.0007466205595724614,20.31017692733698,20.31017692733698,0.0,-19.0,6.362,0.0,0.0,long_nclose,1.0105835536622085
3570581,1622187712542,0.0,0.0007538485954610379,20.31093077593244,20.31045214190358,0.1484616542249881,19.0,6.301,19.0,6.301,long_ientry,1.010580607466026
3571452,1622188664699,0.03313100089924484,0.0007455658452362266,20.344807342676923,20.344807342676923,0.0,-19.0,6.371,0.0,0.0,long_nclose,1.0106042332086804
3573587,1622190541343,0.0,0.000757817485641353,20.345565160162565,20.34508147260192,0.14898922289466604,19.0,6.268,19.0,6.268,long_ientry,1.0106009976142951
3573807,1622190770104,0.033951753576612204,0.0007493295472471998,20.380266243286425,20.380266243286425,0.0,-19.0,6.339,0.0,0.0,long_nclose,1.0106265043205784
3574705,1622192060379,0.0,0.0007591497522774493,20.3810253930387,20.380540003171518,0.14899147371392665,19.0,6.257,19.0,6.257,long_ientry,1.0106243378320863
3591823,1622204690670,0.023595520368915518,0.0007532508721852204,20.405374164279802,20.405374164279802,0.0,-19.0,6.306,0.0,0.0,long_nclose,1.0106194411685299
3604416,1622218239337,0.0,0.0007363770250368189,20.40611054130484,20.405628461419383,0.14434441557028482,18.0,6.111,18.0,6.111,long_ientry,1.0105948901061679
3610812,1622226324927,0.02532639995259639,0.0007300454250486698,20.432166986682486,20.432166986682486,0.0,-18.0,6.164,0.0,0.0,long_nclose,1.0105995639916234
3616090,1622234653517,0.0,0.0007429420505200594,20.432909928733007,20.432419214036496,0.14544028297708594,18.0,6.057,18.0,6.057,long_ientry,1.01058461250281
3621780,1622244878232,0.026260101932962243,0.0007363770250368189,20.459906407691008,20.459906407691008,0.0,-18.0,6.111,0.0,0.0,long_nclose,1.0105860745511
3623951,1622247355622,0.0,0.0008212106992022526,20.46072761839021,20.460213880073535,0.16054379189607001,-21.0,6.393,-21.0,6.393,shrt_ientry,1.0105818112160758
3629430,1622252251197,0.0,0.0009015777610818932,20.46162919615129,20.33405879476827,0.3366490342993308,-24.0,6.655,-45.0,6.532733333333333,shrt_rentry,1.0104811345484308
3638850,1622264371567,0.13847050454116522,0.0017567145534041224,20.60185641524586,20.60185641524586,0.0,45.0,6.404,0.0,0.0,shrt_nclose,1.0106533153555155
3639819,1622265300641,0.0,0.000920951650038373,20.602777366895896,20.60221201904443,0.17880145645181575,-24.0,6.515,-24.0,6.515,shrt_ientry,1.0106518828950148
3645878,1622274254496,0.07441450852173448,0.0009395552771688067,20.678131430694798,20.678131430694798,0.0,24.0,6.386,0.0,0.0,shrt_nclose,1.0106900509921137
3647784,1622276945977,0.0,0.0008003841844085161,20.678931814879206,20.678419240953872,0.15482118546038476,20.0,6.247,20.0,6.247,long_ientry,1.0106853589666291
3648022,1622277083661,0.024916661395182338,0.0007941550190597204,20.704642631293446,20.704642631293446,0.0,-20.0,6.296,0.0,0.0,long_nclose,1.0107038475231251
3648569,1622277839267,0.0,0.0007607303010890456,20.705403361594534,20.704915948298947,0.14696266241305647,19.0,6.244,19.0,6.244,long_ientry,1.010702666091169
3649047,1622278329386,0.023213639194071267,0.0007549268912905278,20.729371927679896,20.729371927679896,0.0,-19.0,6.292,0.0,0.0,long_nclose,1.010719224351019
3649419,1622279053230,0.0,0.0007609740467798782,20.730132901726677,20.729645176011708,0.14683437880255834,19.0,6.242,19.0,6.242,long_ientry,1.0107180988323428
3652109,1622281707436,0.020344309334662358,0.0007558879694462127,20.751233099030785,20.751233099030785,0.0,-19.0,6.284,0.0,0.0,long_nclose,1.0107286385126646
3652585,1622282459889,0.0,0.0007629296498554449,20.75199602868064,20.751505792761055,0.1470566298877516,19.0,6.226,19.0,6.226,long_ientry,1.0107274596778728
3652644,1622282523021,0.02189879396810382,0.0007574549513634189,20.774652277600104,20.774652277600104,0.0,-19.0,6.271,0.0,0.0,long_nclose,1.0107438132662425
3652790,1622282819140,0.0,0.0007629296498554449,20.77541520724996,20.774924971330375,0.14689085965207696,19.0,6.226,19.0,6.226,long_ientry,1.0107434661202237
3653867,1622284640037,0.020932190106099063,0.0007576966023289201,20.797105093958386,20.797105093958386,0.0,-19.0,6.269,0.0,0.0,long_nclose,1.0107558985624865
3655088,1622286256188,0.0,0.0007655116841257051,20.797870605642512,20.79737704556248,0.14722885792317986,19.0,6.205,19.0,6.205,long_ientry,1.0107531370698677
3656842,1622287789999,0.022046736502820352,0.00076,20.82067734214533,20.82067734214533,0.0,-19.0,6.25,0.0,0.0,long_nclose,1.0107668617496535
3660693,1622292035332,0.0,0.0007708536189548848,20.821448195764287,20.82094772271189,0.14808837727467963,19.0,6.162,19.0,6.162,long_ientry,1.0107592918746218
3661777,1622293317273,0.024325762246845295,0.0007647721783931733,20.846538730189526,20.846538730189526,0.0,-19.0,6.211,0.0,0.0,long_nclose,1.0107750641213709
3662258,1622293903248,0.0,0.0007734896596645498,20.84731221984919,20.846808317790774,0.14841043325059294,19.0,6.141,19.0,6.141,long_ientry,1.0107741830257875
3665401,1622296631474,0.024987551596334867,0.0007672427717654661,20.87306701421729,20.87306701421729,0.0,-19.0,6.191,0.0,0.0,long_nclose,1.0107877485479946
3669162,1622300834194,0.0,0.0007408626934474811,20.87380787691074,20.873319905434734,0.14196982128344215,18.0,6.074,18.0,6.074,long_ientry,1.010780239917051
3671108,1622302188346,0.027072307232012427,0.000734094616639478,20.90161427875939,20.90161427875939,0.0,-18.0,6.13,0.0,0.0,long_nclose,1.0107977116627607
3673174,1622304097457,0.0,0.0007451564828614009,20.90235943524225,20.901865790669305,0.14259758285565333,18.0,6.039,18.0,6.039,long_ientry,1.0107943955658556
3673409,1622304179251,0.02787002593379284,0.0007381889763779527,20.93096765015242,20.93096765015242,0.0,-18.0,6.096,0.0,0.0,long_nclose,1.0108147265550913
3678087,1622310032791,0.0,0.0007473841554559044,20.931715034307878,20.931218433540135,0.14282330028493379,18.0,6.021,18.0,6.021,long_ientry,1.0108041859359134
3689813,1622331297135,0.02364438257497692,0.0007414730598121602,20.956100889942665,20.956100889942665,0.0,-18.0,6.069,0.0,0.0,long_nclose,1.0107828403774932
3691547,1622333852917,0.0,0.0007242672119972733,20.95682515715466,20.956331366657306,0.1382398729895417,17.0,5.868,17.0,5.868,long_ientry,1.010778354760548
3699912,1622344334403,0.028354706915856648,0.0007171785352683091,20.985897042605785,20.985897042605785,0.0,-17.0,5.926,0.0,0.0,long_nclose,1.0107799522992806
3707449,1622355130330,0.0,0.0008445945945945945,20.986741637200378,20.986198227456388,0.16097679367196194,-21.0,6.216,-21.0,6.216,shrt_ientry,1.0107606087462937
3722849,1622378981262,0.06876541676279038,0.0008617859487852923,21.056368839911954,21.056368839911954,0.0,21.0,6.092,0.0,0.0,shrt_nclose,1.0107661826979404
3726299,1622384317525,0.0,0.0007542742205833054,21.057123114132537,21.056617314152263,0.14328153309358246,18.0,5.966,18.0,5.966,long_ientry,1.0107567485395084
3726481,1622384495938,0.024578179091326313,0.0007481296758104738,21.08244942289967,21.08244942289967,0.0,-18.0,6.015,0.0,0.0,long_nclose,1.0107742333215124
3726631,1622384669813,0.0,0.0007546536978031192,21.083204076597475,21.08269776750804,0.14317628289540504,18.0,5.963,18.0,5.963,long_ientry,1.0107740911899716
3730224,1622390125234,0.02260946498078581,0.0007490013315579228,21.10656254290982,21.10656254290982,0.0,-18.0,6.008,0.0,0.0,long_nclose,1.010780688165987
3734377,1622398700608,0.0,0.0008882428940568476,21.107450785803877,21.106877078137767,0.16832783893623918,-22.0,6.192,-22.0,6.192,shrt_ientry,1.0107654840012419
3738085,1622413874245,0.07320280979535554,0.0009065435965056865,21.18156013919574,21.18156013919574,0.0,22.0,6.067,0.0,0.0,shrt_nclose,1.010789352855707
3741985,1622421114391,0.0,0.0007564296520423602,21.18231656884778,21.181807873721997,0.14284172358273964,18.0,5.949,18.0,5.949,long_ientry,1.0107765403271511
3753337,1622443209927,0.018702236635861624,0.0007517540928833945,21.201770559576524,21.201770559576524,0.0,-18.0,5.986,0.0,0.0,long_nclose,1.0107506635088315
3754610,1622444722826,0.0,0.000895911386219254,21.202666470962743,21.202082815336542,0.16901862554810515,-22.0,6.139,-22.0,6.139,shrt_ientry,1.010748182962909
3763480,1622459732665,0.0,0.0009783969943644333,21.20364486795711,21.065755223722842,0.35344316945274495,-25.0,6.388,-47.0,6.271446808510639,shrt_rentry,1.0106290277600467
3770161,1622470071407,0.1529667979799869,0.0019118125610152945,21.35852347849811,21.35852347849811,0.0,47.0,6.146,0.0,0.0,shrt_nclose,1.0108085375941276
3771795,1622473316208,0.0,0.0009700889248181084,21.359493567422927,21.358866287161163,0.181668899921423,-24.0,6.185,-24.0,6.185,shrt_ientry,1.0108029889137666
3783168,1622503038852,0.0,0.0010099440646364202,21.360503511487565,21.207474207910156,0.37063753926021403,-26.0,6.436,-50.0,6.315519999999999,shrt_rentry,1.010649042081519
3799888,1622535447862,0.1592352439374667,0.0020190599256985947,21.52175781535073,21.52175781535073,0.0,50.0,6.191,0.0,0.0,shrt_nclose,1.0108011546825038
3809236,1622552805216,0.0,0.0007840871574777154,21.522541902508205,21.52202409688993,0.1457238947015527,19.0,6.058,19.0,6.058,long_ientry,1.0107708380458906
3809768,1622553359577,0.026183300069643978,0.0007775413324603045,21.54950274391031,21.54950274391031,0.0,-19.0,6.109,0.0,0.0,long_nclose,1.0107878916416044
3810621,1622554224028,0.0,0.0009554140127388535,21.55045815792305,21.549849710852367,0.1773352576984716,-24.0,6.28,-24.0,6.28,shrt_ientry,1.0107866026889112
3815080,1622560060401,0.07951430014991745,0.0009752925877763329,21.63094775066074,21.63094775066074,0.0,24.0,6.152,0.0,0.0,shrt_nclose,1.0108293812894023
3819238,1622569042364,0.0,0.0009573958831977022,21.63190514654394,21.631294172783125,0.1770340386964321,-24.0,6.267,-24.0,6.267,shrt_ientry,1.0108138283407815
3826816,1622596225341,0.08048489340664955,0.0009775171065493646,21.713367557057136,21.713367557057136,0.0,24.0,6.138,0.0,0.0,shrt_nclose,1.0108194830952915
3828465,1622601699107,0.0,0.0009589260028767782,21.714326483060013,21.71371355496613,0.1766439320371948,-24.0,6.257,-24.0,6.257,shrt_ientry,1.0108101498487247
3846649,1622646735340,0.0,0.0010389410497152532,21.715365424109727,21.575286019093564,0.36787997988482946,-27.0,6.497,-51.0,6.384058823529411,shrt_rentry,1.0106431627215926
3858727,1622685658254,0.16352571763026977,0.0020380434782608695,21.880929185218257,21.880929185218257,0.0,51.0,6.256,0.0,0.0,shrt_nclose,1.0107717428874927
3860559,1622693387532,0.0,0.0009817781966698085,21.881910963414928,21.88129417170978,0.17946845653677596,-25.0,6.366,-25.0,6.366,shrt_ientry,1.0107587335332702
3867314,1622714314817,0.0,0.0010566037735849057,21.882967567188512,21.731462799099834,0.37244936629999154,-28.0,6.625,-53.0,6.502830188679245,shrt_rentry,1.0106284584995844
3881440,1622747410660,0.16734227040924715,0.0020794099183929693,22.052389247516153,22.052389247516153,0.0,53.0,6.372,0.0,0.0,shrt_nclose,1.0107737675265938
3882706,1622754052750,0.0,0.0010065035614741408,22.053395751077627,22.052772432569206,0.18255756579799434,-26.0,6.458,-26.0,6.458,shrt_ientry,1.0107627337800638
3887341,1622769323043,0.08270888937524573,0.0010271807838179519,22.137131821236693,22.137131821236693,0.0,26.0,6.328,0.0,0.0,shrt_nclose,1.0107890228354681
3887887,1622769427213,0.0,0.0008517196625567814,22.13798354089925,22.13743074540189,0.15389290736136924,21.0,6.164,21.0,6.164,long_ientry,1.01078903054547
3889965,1622770299151,0.02958691655070253,0.0008443229334191058,22.16841478038337,22.16841478038337,0.0,-21.0,6.218,0.0,0.0,long_nclose,1.010806640821724
3890780,1622771318101,0.0,0.0008116883116883117,22.169226468695058,22.168699312785535,0.146453158901956,20.0,6.16,20.0,6.16,long_ientry,1.0108050861933255
3893457,1622777217160,0.026141330489156678,0.0008051529790660225,22.19617295216328,22.19617295216328,0.0,-20.0,6.21,0.0,0.0,long_nclose,1.0108119676374874
3895510,1622783319856,0.0,0.0008151287903488751,22.19698808095363,22.19645644632761,0.14688998117691568,20.0,6.134,20.0,6.134,long_ientry,1.0108017959678328
3925435,1622853698851,0.015342355943609998,0.0008112932013629726,22.213141730098602,22.213141730098602,0.0,-20.0,6.163,0.0,0.0,long_nclose,1.0106940210737794
3933648,1622886680975,0.0,0.0007987220447284345,22.21394045214333,22.213403134925215,0.14382356816867564,19.0,5.947,19.0,5.947,long_ientry,1.0106397573044863
3991217,1623100646490,0.0,0.003249950758321844,22.21719040290165,21.59625425308961,0.7257683096243567,66.0,5.077,85.0,5.271470588235294,long_rentry,1.0099343102679523
4062694,1623253752870,0.0746837807182224,0.004012462235649546,22.29588664585552,22.29588664585552,0.0,-85.0,5.296,0.0,0.0,long_nclose,1.0101164487002965
4062928,1623253777079,0.0,0.000880444856348471,22.29676709071187,22.296114425881367,0.15795022709193324,-19.0,5.395,-19.0,5.395,shrt_ientry,1.0101165424828407
4064541,1623254879616,0.0876430670073319,0.000902355623100304,22.385312513342303,22.385312513342303,0.0,19.0,5.264,0.0,0.0,shrt_nclose,1.0101655354600347
4073639,1623283777783,0.0,0.0009300595238095238,22.386242572866113,22.385550692989746,0.16618412326806983,-20.0,5.376,-20.0,5.376,shrt_ientry,1.0101229581020588
4080113,1623299895398,0.07482831842414439,0.0009487666034155599,22.462019657893673,22.462019657893673,0.0,20.0,5.27,0.0,0.0,shrt_nclose,1.0101422463460052
4092556,1623336511766,0.0,0.0007895775759968418,22.46280923546967,22.46218567963473,0.14060175069288613,16.0,5.066,16.0,5.066,long_ientry,1.0100887533940008
4092897,1623336780234,0.028419850153251325,0.000782472613458529,22.49201155823638,22.49201155823638,0.0,-16.0,5.112,0.0,0.0,long_nclose,1.0101049880483197
4093827,1623339924636,0.0,0.0007902015013828526,22.492801759737763,22.49217721794651,0.1405252239936276,16.0,5.062,16.0,5.062,long_ientry,1.0101004977918133
4094380,1623340935695,0.028464580316061916,0.0007830853563038371,22.522049425410128,22.522049425410128,0.0,-16.0,5.108,0.0,0.0,long_nclose,1.0101156445255435
4094530,1623341165158,0.0,0.000790670092903736,22.52284009550303,22.522214812709116,0.1404210285294532,16.0,5.059,16.0,5.059,long_ientry,1.0101154017711906
4099818,1623363309361,0.02481020099325315,0.0007844675426554226,22.54843476403894,22.54843476403894,0.0,-16.0,5.099,0.0,0.0,long_nclose,1.010097727253663
4101151,1623369765631,0.0,0.0007979253939756633,22.549232689432916,22.548595877466454,0.1415436888634511,16.0,5.013,16.0,5.013,long_ientry,1.0100884542136623
4101315,1623369988907,0.0290212042877096,0.000790670092903736,22.57904456381353,22.57904456381353,0.0,-16.0,5.059,0.0,0.0,long_nclose,1.0101049579086294
4102692,1623373120600,0.0,0.0007995202878273036,22.579844084101357,22.579204723615288,0.1416343327880199,16.0,5.003,16.0,5.003,long_ientry,1.0101005039976634
4105775,1623384134652,0.027881032426709584,0.0007925500297206262,22.608517666557788,22.608517666557788,0.0,-16.0,5.047,0.0,0.0,long_nclose,1.0101007063227132
4114707,1623417883677,0.0,0.00094948727687049,22.609467153834657,22.60874606989551,0.16798047833859775,-20.0,5.266,-20.0,5.266,shrt_ientry,1.0100522131932925
4119553,1623423287559,0.07877118714878284,0.0009691800736576857,22.689207521057096,22.689207521057096,0.0,20.0,5.159,0.0,0.0,shrt_nclose,1.0100884347365946
4121373,1623426615045,0.0,0.0007972892166633447,22.69000481027376,22.689369013450264,0.14055337992741926,16.0,5.017,16.0,5.017,long_ientry,1.0100837409338452
4121660,1623427247913,0.027101530684998654,0.000790513833992095,22.71789685479275,22.71789685479275,0.0,-16.0,5.06,0.0,0.0,long_nclose,1.0100983732542732
4122203,1623428787559,0.0,0.0007972892166633447,22.71869414400941,22.718058347185917,0.14037588808748996,16.0,5.017,16.0,5.017,long_ientry,1.010096247060726
4122932,1623430362103,0.027101530684998654,0.000790513833992095,22.7465861885284,22.7465861885284,0.0,-16.0,5.06,0.0,0.0,long_nclose,1.010109498766133
4125916,1623447009137,0.0,0.0008006405124099279,22.74738682904081,22.746745675477317,0.14078812980623823,16.0,4.996,16.0,4.996,long_ientry,1.010085681351098
4166951,1623614896745,0.013405182986332864,0.0007972892166633447,22.761589301243806,22.761589301243806,0.0,-16.0,5.017,0.0,0.0,long_nclose,1.0098586344754232
4167851,1623617774869,0.0,0.0009370684553166305,22.762526369699124,22.761787065197886,0.16466862071409286,-19.0,5.069,-19.0,5.069,shrt_ientry,1.0098548042924969
4175414,1623664580847,0.07851369132159508,0.0009566968781470292,22.84199675789887,22.84199675789887,0.0,19.0,4.965,0.0,0.0,shrt_nclose,1.0098333320726272
4177019,1623676496748,0.0,0.0009871668311944718,22.842983924730063,22.842204479936385,0.17286127494503978,-20.0,5.065,-20.0,5.065,shrt_ientry,1.0098173227116767
4181079,1623686764734,0.0,0.0010393046107331824,22.844023229340795,22.677031033004038,0.35466610311118024,-22.0,5.292,-42.0,5.183904761904762,shrt_rentry,1.0097169269096242
4206242,1623805532265,0.16408865435808695,0.0020665223381224167,23.010178406037003,23.010178406037003,0.0,42.0,5.081,0.0,0.0,shrt_nclose,1.009732081800684
4208356,1623814624399,0.0,0.0010123409178557656,23.01119074695486,23.010410071483214,0.17597366933125472,-21.0,5.186,-21.0,5.186,shrt_ientry,1.009720254459684
4213869,1623840021746,0.08286773353561558,0.0010330578512396695,23.095091538341713,23.095091538341713,0.0,21.0,5.082,0.0,0.0,shrt_nclose,1.00972994823958
4216564,1623845052931,0.0,0.0008563368930082612,23.09594787523472,23.095257559319357,0.1483094606264664,17.0,4.963,17.0,4.963,long_ientry,1.009723450470397
4216666,1623845304731,0.026707028250557402,0.0008496601359456219,23.12350456362122,23.12350456362122,0.0,-17.0,5.002,0.0,0.0,long_nclose,1.0097373887082481
4216832,1623845866827,0.0,0.0008561643835616438,23.124360728004785,23.123670690218315,0.14809739281134546,17.0,4.964,17.0,4.964,long_ientry,1.0097367367526096
4217981,1623849881893,0.026696310980534765,0.0008494903058165101,23.151906529291136,23.151906529291136,0.0,-17.0,5.003,0.0,0.0,long_nclose,1.009745719700732
4218328,1623851234533,0.0,0.0008563368930082612,23.152762866184144,23.15207255026878,0.1479455213112362,17.0,4.963,17.0,4.963,long_ientry,1.0097440324237175
4228530,1623895533783,0.019216536168487952,0.0008515327589661392,23.172830935111598,23.172830935111598,0.0,-17.0,4.991,0.0,0.0,long_nclose,1.0096967783957584
4231888,1623923657610,0.0,0.000984251968503937,23.173815187080102,23.173040338059433,0.16989036299084298,-20.0,5.08,-20.0,5.08,shrt_ientry,1.0096605999954347
4233119,1623932358903,0.08551827240420362,0.001005631536604988,23.26033909102091,23.26033909102091,0.0,20.0,4.972,0.0,0.0,shrt_nclose,1.0096928116923358
4236871,1623949347577,0.0,0.0008210180623973727,23.261160109083306,23.260485900040074,0.14118265100230687,16.0,4.872,16.0,4.872,long_ientry,1.0096710502432908
4279806,1624184828064,0.0,0.0033068783068783067,23.264466987390186,22.624208033091254,0.7066298051867546,55.0,4.158,71.0,4.318901408450705,long_rentry,1.0090687112712768
4287688,1624217675131,0.24411030062065733,0.004048813868613139,23.51262610187946,23.51262610187946,0.0,-71.0,4.384,0.0,0.0,long_nclose,1.0094586219807136
4291855,1624247453111,0.0,0.0008111239860950173,23.513437225865555,23.512685140574785,0.13798475795835655,14.0,4.315,14.0,4.315,long_ientry,1.009422721270095
4321019,1624312015743,0.0,0.0032688640697357673,23.51670608993529,22.868567284341857,0.690810783717139,48.0,3.671,62.0,3.8164193548387093,long_rentry,1.0090407496369946
4395322,1624522588404,0.07449348629088304,0.004042775169535733,23.595242351395708,23.595242351395708,0.0,-62.0,3.834,0.0,0.0,long_nclose,1.0091407208687473
4403547,1624557615970,0.0,0.0009590792838874681,23.596201430679596,23.595220526272655,0.1625819794266514,-15.0,3.91,-15.0,3.91,shrt_ientry,1.009101422705527
4412153,1624602757765,0.07604593174277252,0.0009780907668231612,23.67322545318919,23.67322545318919,0.0,15.0,3.834,0.0,0.0,shrt_nclose,1.009086242297695
4417529,1624620105757,0.0,0.0008879781420765028,23.674113431331268,23.673142698188794,0.15003360436742977,13.0,3.66,13.0,3.66,long_ientry,1.0090670099774126
4417918,1624620924334,0.03649883115079172,0.0008788534342888049,23.71149111591635,23.71149111591635,0.0,-13.0,3.698,0.0,0.0,long_nclose,1.009083211843833
4422596,1624633632148,0.0,0.0008201202843083653,23.71231123620066,23.71141419459901,0.13834506069679445,12.0,3.658,12.0,3.658,long_ientry,1.0090691442349418
