trade_id,timestamp,pnl,fee_paid,balance,equity,pbr,qty,price,psize,pprice,type
509033,1608228981173,0.0,-0.0258201756,99.9741798244,99.96643982440001,1.4348246742504436,774.0,0.18533,774.0,0.18533,long_ientry
512277,1608229203389,2.623860000000003,-0.0262924704,102.57174735400001,102.57174735400001,0.0,-774.0,0.18872,0.0,0.0,long_nclose
554821,1608237980165,0.0,-0.026466264000000007,102.54528109,102.53738109,1.4338524253588354,790.0,0.18612,790.0,0.18612,long_ientry
556807,1608238237558,2.6859999999999893,-0.026949744,105.20433134599999,105.20433134599999,0.0,-790.0,0.18952,0.0,0.0,long_nclose
564966,1608240665459,0.0,-0.0271722762,105.17715906979998,105.1689890697999,1.4352649504425055,817.0,0.18477,817.0,0.18477,long_ientry
566615,1608240846018,2.761460000000018,-0.027669339000000005,107.9109497308,107.9109497308,0.0,-817.0,0.18815,0.0,0.0,long_nclose
578975,1608246987031,0.0,-0.027870847199999996,107.88307888359999,107.8664188836,1.4352393498804557,833.0,0.18588,833.0,0.18588,long_ientry
605849,1608255022858,0.9987600000000072,-0.013763887200000002,108.8680749964,109.92276499639999,0.7290545001610856,-406.0,0.18834,427.0,0.18588,long_sclose
613047,1608257686014,1.451800000000006,-0.0145480608,110.30532693560001,110.30532693560001,0.0,-427.0,0.18928,0.0,0.0,long_nclose
622727,1608262347705,0.0,-0.028483200000000004,110.27684373560001,110.2682437356,1.4349340681113123,860.0,0.184,860.0,0.184,long_ientry
637495,1608272020760,2.8982000000000103,-0.029004876000000002,113.14603885960003,113.14603885960003,0.0,-860.0,0.18737,0.0,0.0,long_nclose
824836,1608401858035,0.0,-0.029222082,113.11681677760002,113.10791677760004,1.4351968577686176,890.0,0.18241,890.0,0.18241,long_ientry
1650547,1608774947662,-18.675019999999993,-0.010888365600000002,94.43090841200004,74.81834841200003,0.8808446450296968,-434.0,0.13938,456.0,0.18241,long_sclose
1665482,1608778341263,0.0,-0.009409914,94.42149849800003,71.12105849800002,1.4345912970537016,398.0,0.13135,854.0,0.15861388758782202,long_rentry
1695256,1608789709466,-8.425617236533956,-0.010360396800000001,85.98552086466609,77.11869810120004,0.8079602480144357,-416.0,0.13836,438.0,0.15861388758782202,long_sclose
1699498,1608791267299,0.0,-0.009695105999999998,85.97582575866609,74.03452299520006,1.43452629474785,410.0,0.13137,848.0,0.14544172495691748,long_rentry
1718332,1608797651301,-3.1519024072069257,-0.0102447954,82.81367855605916,79.50692819980004,0.7639698110189804,-413.0,0.13781,435.0,0.14544172495691748,long_sclose
1758039,1608810625049,1.1563496437408984,-0.01159623,83.95843196980006,83.95843196980006,0.0,-435.0,0.1481,0.0,0.0,long_nclose
2112311,1608914891081,0.0,-0.021683376000000004,83.93674859380006,83.92090859380005,1.435166384427928,792.0,0.1521,792.0,0.1521,long_ientry
2152501,1608920000033,0.656199999999992,-0.010686024,84.58226256980006,85.27652256980006,0.7300892423992528,-386.0,0.1538,406.0,0.1521,long_sclose
2169127,1608925453181,1.1286799999999906,-0.0113186304,85.69962393940006,85.69962393940006,0.0,-406.0,0.15488,0.0,0.0,long_nclose
2193751,1608938098775,0.0,-0.022135276800000003,85.67748866260006,85.66100866260004,1.4353100437417528,824.0,0.14924,824.0,0.14924,long_ientry
2197215,1608939578031,2.2495199999999853,-0.0225401904,87.90446847220005,87.90446847220005,0.0,-824.0,0.15197,0.0,0.0,long_nclose
2204942,1608945686243,0.0,-0.022707392399999998,87.88176107980006,87.87329107980007,1.4354762404618735,847.0,0.14894,847.0,0.14894,long_ientry
2212228,1608952695357,2.3123100000000085,-0.023123608200000003,90.17094747160007,90.17094747160007,0.0,-847.0,0.15167,0.0,0.0,long_nclose
2232261,1608968919034,0.0,-0.0232912944,90.14765617720008,90.1389361772,1.43537930421231,872.0,0.14839,872.0,0.14839,long_ientry
2237067,1608971511799,2.37184,-0.023718225600000004,92.49577795160008,92.49577795160008,0.0,-872.0,0.15111,0.0,0.0,long_nclose
2240393,1608974945940,0.0,-0.023873304600000003,92.47190464700007,92.46291464700009,1.4342677433356261,899.0,0.14753,899.0,0.14753,long_ientry
2280714,1608999856854,2.4273000000000073,-0.024310218600000003,94.87489442840008,94.87489442840008,0.0,-899.0,0.15023,0.0,0.0,long_nclose
2320606,1609020839104,0.0,-0.024489010800000002,94.85040541760009,94.84107541760008,1.434364559655905,933.0,0.14582,933.0,0.14582,long_ientry
2354385,1609051493992,2.4911100000000053,-0.024937410600000005,97.31657800700009,97.31657800700009,0.0,-933.0,0.14849,0.0,0.0,long_nclose
2366024,1609059565670,0.0,-0.025118224200000004,97.29145978280009,97.28176978280008,1.4343056452388634,969.0,0.14401,969.0,0.14401,long_ientry
2410974,1609078518970,2.5581600000000035,-0.025578693,99.82404108980009,99.82404108980009,0.0,-969.0,0.14665,0.0,0.0,long_nclose
2478857,1609100294164,0.0,-0.025782966,99.7982581238001,99.78840812380001,1.435282565977373,985.0,0.14542,985.0,0.14542,long_ientry
2503145,1609111582991,2.620099999999996,-0.026254584,102.39210353980009,102.39210353980009,0.0,-985.0,0.14808,0.0,0.0,long_nclose
2608839,1609187830039,0.0,-0.0264501792,102.36565336060009,102.35561336060012,1.4354955512505758,1004.0,0.14636,1004.0,0.14636,long_ientry
2614352,1609193344459,2.6907200000000158,-0.026934508800000007,105.02943885180011,105.02943885180011,0.0,-1004.0,0.14904,0.0,0.0,long_nclose
2616582,1609194777305,0.0,-0.027124372800000005,105.0023144790001,105.00231447899999,1.4351203661338092,1031.0,0.14616,1031.0,0.14616,long_ientry
2639344,1609201199652,1.24241,-0.013456960200000001,106.23126751880011,107.5407075188001,0.7264573020965087,-503.0,0.14863,528.0,0.14616,long_sclose
2639675,1609201268093,1.4097599999999884,-0.0141448032,107.6268827156001,107.6268827156001,0.0,-528.0,0.14883,0.0,0.0,long_nclose
2645307,1609203324038,0.0,-0.0277812576,107.5991014580001,107.58837145800001,1.4344015694243015,1073.0,0.14384,1073.0,0.14384,long_ientry
2656094,1609208768627,2.821989999999993,-0.0282892158,110.3928022422001,110.3928022422001,0.0,-1073.0,0.14647,0.0,0.0,long_nclose
2660122,1609211670213,0.0,-0.0285159492,110.3642862930001,110.3531462930001,1.4354456982525512,1114.0,0.14221,1114.0,0.14221,long_ientry
2902928,1609343355403,-1.6670099999999943,-0.013599543600000001,108.68367674940012,106.93641674940012,0.7471398873193549,-543.0,0.13914,571.0,0.14221,long_sclose
2920902,1609353432242,0.0,-0.013450197600000002,108.67022655180013,102.84036655180013,1.434847749449337,566.0,0.13202,1137.0,0.13713740545294634,long_rentry
3065412,1609465586225,-2.070522620932276,-0.013302648,106.58640128286784,104.41332390380012,0.7501060774806237,-554.0,0.1334,583.0,0.13713740545294634,long_sclose
3140884,1609521096827,1.4648426209322833,-0.014654871,108.03658903280012,108.03658903280012,0.0,-583.0,0.13965,0.0,0.0,long_nclose
3155858,1609526838254,0.0,-0.0278871318,108.00870190100012,107.99693190100011,1.4344076659860812,1177.0,0.13163,1177.0,0.13163,long_ientry
3156811,1609527203493,2.8365699999999947,-0.0283977144,110.81687418660012,110.81687418660012,0.0,-1177.0,0.13404,0.0,0.0,long_nclose
3179419,1609546918043,0.0,-0.028610173800000003,110.78826401280011,110.7760740128001,1.4346773226958045,1219.0,0.13039,1219.0,0.13039,long_ientry
3194520,1609558224424,2.913410000000004,-0.029134587600000005,113.67253942520011,113.67253942520011,0.0,-1219.0,0.13278,0.0,0.0,long_nclose
3207752,1609575409654,0.0,-0.029361492,113.6431779332001,113.63068793320014,1.4353646471931838,1249.0,0.1306,1249.0,0.1306,long_ientry
3225549,1609592310527,2.985110000000004,-0.0298988118,116.59838912140012,116.59838912140012,0.0,-1249.0,0.13299,0.0,0.0,long_nclose
3243464,1609605928336,0.0,-0.030119990399999998,116.56826913100012,116.55508913100014,1.435495965132242,1318.0,0.12696,1318.0,0.12696,long_ientry
3245203,1609606605049,3.057760000000022,-0.030670387200000003,119.59535874380013,119.59535874380013,0.0,-1318.0,0.12928,0.0,0.0,long_nclose
3271552,1609621265847,0.0,-0.030882276000000004,119.56447646780013,119.55102646780011,1.4349429284391588,1345.0,0.12756,1345.0,0.12756,long_ientry
3319950,1609671796995,3.1472999999999742,-0.03144879,122.68032767780011,122.68032767780011,0.0,-1345.0,0.1299,0.0,0.0,long_nclose
3550182,1609752837153,0.0,-0.031668580800000005,122.6486590970001,122.63566909700009,1.434476017066405,1299.0,0.13544,1299.0,0.13544,long_ientry
3600330,1609768947768,0.7659299999999929,-0.015569901,123.3990191960001,124.2115391960001,0.7309866852079799,-633.0,0.13665,666.0,0.13544,long_sclose
3600973,1609768996264,1.6516799999999883,-0.016533849599999997,125.03416534640009,125.03416534640009,0.0,-666.0,0.13792,0.0,0.0,long_nclose
5457782,1609937469395,0.0,-0.03224190960000001,125.00192343680008,124.98040343680006,1.432951710463579,538.0,0.33294,538.0,0.33294,long_ientry
5460055,1609937476509,3.2764199999999915,-0.032831665200000006,128.24551177160006,128.24551177160006,0.0,-538.0,0.33903,0.0,0.0,long_nclose
5498949,1609937843244,0.0,-0.0331102512,128.21240152040008,128.20689152040006,1.4346961590196257,551.0,0.33384,551.0,0.33384,long_ientry
5501948,1609937874837,3.361099999999997,-0.0337152492,131.5397862712001,131.5397862712001,0.0,-551.0,0.33994,0.0,0.0,long_nclose
5506354,1609937922760,0.0,-0.0339525288,131.50583374240009,131.50017374240008,1.4343482310411262,566.0,0.33326,566.0,0.33326,long_ientry
5512130,1609937981538,3.4469399999999912,-0.034572978,134.91820076440007,134.91820076440007,0.0,-566.0,0.33935,0.0,0.0,long_nclose
5558195,1609938619899,0.0,-0.034839874800000004,134.88336088960006,134.84868088960005,1.4349795165500188,578.0,0.33487,578.0,0.33487,long_ientry
5709990,1609940605501,-1.2785499999999996,-0.0167075856,133.58810330400007,132.23972330400008,0.7445003525027363,-281.0,0.33032,297.0,0.33487,long_sclose
5740726,1609941129770,1.8176400000000044,-0.018229325400000003,135.38751397860008,135.38751397860008,0.0,-297.0,0.34099,0.0,0.0,long_nclose
5794112,1609942119362,0.0,-0.0349648218,135.35254915680008,135.3347591568001,1.4351337393355694,593.0,0.32757,593.0,0.32757,long_ientry
5822681,1609942848028,1.1010900000000103,-0.017238387600000002,136.43640076920008,137.59768076920008,0.7298732555137883,-289.0,0.33138,304.0,0.32757,long_sclose
5847683,1609943638087,0.0,-0.0173088144,136.41909195480008,133.30918195480012,1.4348531220604752,303.0,0.31736,607.0,0.322473410214168,long_rentry
5957935,1609945579573,-0.7883694233937262,-0.0170394768,135.61368305460635,134.7884724780001,0.7395214724477593,-296.0,0.31981,311.0,0.322473410214168,long_sclose
6017034,1609947409056,0.0,-0.016980021,135.59670303360636,131.4905024570001,1.4353054036156827,305.0,0.30929,616.0,0.3159459100269582,long_rentry
6019429,1609947494103,0.823226991912529,-0.017209259999999997,136.4027207655189,137.2730131970001,0.7319422003329787,-300.0,0.31869,316.0,0.3159459100269582,long_sclose
6023999,1609947624249,1.8246124314812076,-0.0182994336,138.2090337634001,138.2090337634001,0.0,-316.0,0.32172,0.0,0.0,long_nclose
6110816,1609949989578,0.0,-0.035692875,138.1733408884001,138.1670908884001,1.435108601449812,625.0,0.31727,625.0,0.31727,long_ientry
6126720,1609950675071,3.625000000000017,-0.036345375000000006,141.76199551340014,141.76199551340014,0.0,-625.0,0.32307,0.0,0.0,long_nclose
6138253,1609951220688,0.0,-0.036588886200000004,141.72540662720013,141.7125466272001,1.4342635864484996,643.0,0.31613,643.0,0.31613,long_ientry
6178390,1609952971595,1.3646799999999921,-0.0180564066,143.0720302206001,144.5207302206001,0.7291634838699532,-313.0,0.32049,330.0,0.31613,long_sclose
6178559,1609952974553,1.907399999999984,-0.019121454,144.96030876660012,144.96030876660012,0.0,-330.0,0.32191,0.0,0.0,long_nclose
6208780,1609954660348,0.0,-0.037447221600000004,144.92286154500013,144.90300154500014,1.4355231312859584,662.0,0.31426,662.0,0.31426,long_ientry
6230876,1609956099853,3.806500000000022,-0.0381323916,148.69122915340017,148.69122915340017,0.0,-662.0,0.32001,0.0,0.0,long_nclose
6245814,1609957251374,0.0,-0.0383928768,148.65283627660017,148.64595627660017,1.434844873078114,688.0,0.31002,688.0,0.31002,long_ientry
6475662,1609965390872,-3.5376000000000047,-0.018057438000000002,145.09717883860017,141.38008883860016,0.7542328588051533,-335.0,0.29946,353.0,0.31002,long_sclose
6503255,1609966090110,2.001510000000003,-0.020058942600000004,147.07862989600017,147.07862989600017,0.0,-353.0,0.31569,0.0,0.0,long_nclose
7120265,1609984973758,0.0,-0.037951173000000005,147.04067872300016,147.03482872300015,1.4338878998048339,585.0,0.36041,585.0,0.36041,long_ientry
7122297,1609985031635,3.855149999999991,-0.0386451,150.85718362300014,150.85718362300014,0.0,-585.0,0.367,0.0,0.0,long_nclose
7137125,1609985629048,0.0,-0.038907626400000006,150.81827599660014,150.81827599660008,1.4332048193209204,604.0,0.35787,604.0,0.35787,long_ientry
7175630,1609986824031,1.719909999999996,-0.019183647600000003,152.51900234900015,154.35079234900013,0.7297292028263102,-293.0,0.36374,311.0,0.35787,long_sclose
7175788,1609986824352,2.0339399999999968,-0.0203996718,154.53254267720015,154.53254267720015,0.0,-311.0,0.36441,0.0,0.0,long_nclose
7285337,1609992940408,0.0,-0.039882996,154.49265968120017,154.48035968120013,1.4341924105470143,615.0,0.36028,615.0,0.36028,long_ientry
7291500,1609993313199,4.0528499999999905,-0.040612509,158.50489717220015,158.50489717220015,0.0,-615.0,0.36687,0.0,0.0,long_nclose
7298875,1609993916160,0.0,-0.0408903372,158.46400683500013,158.45766683500014,1.433565542972406,634.0,0.35831,634.0,0.35831,long_ientry
7333663,1609996905894,4.1527,-0.04163782320000001,162.57506901180014,162.57506901180014,0.0,-634.0,0.36486,0.0,0.0,long_nclose
7363239,1609999011627,0.0,-0.041995065600000006,162.53307394620015,162.52659394620014,1.4354365812168561,648.0,0.36004,648.0,0.36004,long_ientry
7366249,1609999306222,1.7411599999999872,-0.020792484,164.25344146220013,166.09272146220013,0.7277368372674758,-316.0,0.36555,332.0,0.36004,long_sclose
7366364,1609999315683,2.1845599999999914,-0.0219092112,166.41609225100012,166.41609225100012,0.0,-332.0,0.36662,0.0,0.0,long_nclose
7383317,1610000802043,0.0,-0.042935022,166.37315722900013,166.36649722900012,1.4336922131716496,666.0,0.35815,666.0,0.35815,long_ientry
7395385,1610001754334,4.3623,-0.04372023600000001,170.69173699300012,170.69173699300012,0.0,-666.0,0.3647,0.0,0.0,long_nclose
7439264,1610004878429,0.0,-0.0440668368,170.64767015620012,170.6407501562001,1.4346270287541052,692.0,0.35378,692.0,0.35378,long_ientry
7655673,1610018112720,-1.1424300000000014,-0.0212546574,169.48398549880014,168.28408549880015,0.7410251749177159,-337.0,0.35039,355.0,0.35378,long_sclose
7684281,1610019186801,0.0,-0.0211658202,169.46281967860014,164.15572967860012,1.4350037988345172,347.0,0.33887,702.0,0.34640995726495727,long_rentry
7776890,1610026316507,-0.465105384615378,-0.021241278000000002,168.97647301598477,168.49408840060013,0.7380174434318296,-342.0,0.34505,360.0,0.34640995726495727,long_sclose
7790564,1610027159809,2.2788153846153825,-0.022857552000000003,171.23243084860013,171.23243084860013,0.0,-360.0,0.35274,0.0,0.0,long_nclose
7872953,1610032360179,0.0,-0.04420843380000001,171.18822241480012,171.18095241480012,1.4346922150105017,727.0,0.33783,727.0,0.33783,long_ientry
7881580,1610033514027,4.492859999999974,-0.0450171486,175.6360652662001,175.6360652662001,0.0,-727.0,0.34401,0.0,0.0,long_nclose
7903329,1610035892439,0.0,-0.0453394854,175.59072578080008,175.5756657808001,1.4345064574449318,753.0,0.33451,753.0,0.33451,long_ientry
7920323,1610037191026,4.608360000000011,-0.0461689902,180.1529167906001,180.1529167906001,0.0,-753.0,0.34063,0.0,0.0,long_nclose
7930382,1610038175512,0.0,-0.046504353600000006,180.1064124370001,180.0986924370001,1.4344715243849053,772.0,0.33466,772.0,0.33466,long_ientry
7944754,1610040554201,4.7246400000000115,-0.04735478880000001,184.78369764820013,184.78369764820013,0.0,-772.0,0.34078,0.0,0.0,long_nclose
7952080,1610041639555,0.0,-0.0477008748,184.73599677340013,184.71193677340014,1.4345058062780198,802.0,0.33043,802.0,0.33043,long_ientry
8120106,1610048150624,-2.3945999999999916,-0.022765158,182.31863161540014,179.79307161540012,0.7466991101994467,-390.0,0.32429,412.0,0.33043,long_sclose
8136090,1610048663680,2.4884799999999956,-0.024952615200000004,184.78215900020012,184.78215900020012,0.0,-412.0,0.33647,0.0,0.0,long_nclose
8165702,1610049985040,0.0,-0.047694414600000005,184.73446458560014,184.72613458560014,1.434323425216748,833.0,0.31809,833.0,0.31809,long_ientry
8170327,1610050232064,4.848059999999993,-0.0485670654,189.53395752020015,189.53395752020015,0.0,-833.0,0.32391,0.0,0.0,long_nclose
8235401,1610059344041,0.0,-0.048951428400000004,189.48500609180016,189.47638609180015,1.435218467197593,862.0,0.31549,862.0,0.31549,long_ientry
8304169,1610064790234,2.242800000000005,-0.024254748000000003,191.70355134380017,194.06825134380017,0.7274073903300685,-420.0,0.32083,442.0,0.31549,long_sclose
8304229,1610064792435,2.550339999999999,-0.0255594456,194.22833189820017,194.22833189820017,0.0,-442.0,0.32126,0.0,0.0,long_nclose
8325778,1610066903034,0.0,-0.050157549,194.17817434920016,194.1692043492002,1.4350379538479157,897.0,0.31065,897.0,0.31065,long_ientry
8596395,1610088418123,-6.42827,-0.023278640399999998,187.72662570880016,180.96462570880016,0.7612079504463242,-437.0,0.29594,460.0,0.31065,long_sclose
8624280,1610090959028,2.6128000000000084,-0.026192124,190.31323358480017,190.31323358480017,0.0,-460.0,0.31633,0.0,0.0,long_nclose
8828926,1610109070047,0.0,-0.04915957320000001,190.26407401160017,190.25509401160016,1.4354193844464243,898.0,0.30413,898.0,0.30413,long_ientry
8868697,1610113138901,1.5373800000000057,-0.024254337600000002,191.77719967400017,193.39639967400015,0.7294913067758526,-438.0,0.30764,460.0,0.30413,long_sclose
8869539,1610113215034,2.5576000000000043,-0.025642332000000004,194.3091573420002,194.3091573420002,0.0,-460.0,0.30969,0.0,0.0,long_nclose
8888854,1610115855555,0.0,-0.050182070399999994,194.25897527160018,194.24049527160022,1.4351423382637278,924.0,0.30172,924.0,0.30172,long_ientry
8975219,1610123711473,0.9989999999999999,-0.02461914,195.23335613160017,196.29037613160017,0.7325350689745775,-450.0,0.30394,474.0,0.30172,long_sclose
9011736,1610129291402,0.0,-0.024661746000000002,195.20869438560018,190.35971438560017,1.434490307316232,470.0,0.29151,944.0,0.2966366313559322,long_rentry
9149061,1610145337030,-0.5044504237288061,-0.024470712000000006,194.67977324987137,194.15384367360016,0.7374784096958878,-460.0,0.29554,484.0,0.2966366313559322,long_sclose
9173980,1610148229646,2.624910423728807,-0.026315467199999998,197.2783682064002,197.2783682064002,0.0,-484.0,0.30206,0.0,0.0,long_nclose
9209497,1610152975059,0.0,-0.05091161400000001,197.2274565924002,197.20805659240017,1.4340919103598015,970.0,0.29159,970.0,0.29159,long_ientry
9249433,1610158125018,1.5859199999999878,-0.025058952,198.78831764040018,200.47155764040014,0.7304846769853054,-472.0,0.29495,498.0,0.29159,long_sclose
9252485,1610158518896,2.654340000000001,-0.026615908800000004,201.41604173160016,201.41604173160016,0.0,-498.0,0.29692,0.0,0.0,long_nclose
9262065,1610160277421,0.0,-0.051986188800000006,201.36405554280017,201.35397554280016,1.434278621482237,1008.0,0.28652,1008.0,0.28652,long_ientry
9267667,1610161112952,5.281920000000023,-0.05293693440000001,206.59303860840018,206.59303860840018,0.0,-1008.0,0.29176,0.0,0.0,long_nclose
9308396,1610170250025,0.0,-0.053328348000000005,206.53971026040017,206.51889026040016,1.4344389252142935,1041.0,0.2846,1041.0,0.2846,long_ientry
9330926,1610174919772,5.413199999999982,-0.054302724000000004,211.89860753640016,211.89860753640016,0.0,-1041.0,0.2898,0.0,0.0,long_nclose
9510145,1610210995071,0.0,-0.05473244520000001,211.84387509120018,211.8335050912001,1.435345439508677,1037.0,0.29322,1037.0,0.29322,long_ientry
9510887,1610211017461,5.558320000000032,-0.0557329428,217.3464621484002,217.3464621484002,0.0,-1037.0,0.29858,0.0,0.0,long_nclose
9798333,1610274172660,0.0,-0.056093428800000004,217.2903687196002,217.28018871960018,1.434164624213692,1018.0,0.30612,1018.0,0.30612,long_ientry
10734302,1610399572900,-32.71455,-0.021386673,184.5544320466002,149.9945920466002,0.8674988632057039,-495.0,0.24003,523.0,0.30612,long_sclose
10989289,1610434101755,2.9287999999999967,-0.0293453208,187.4538867258002,187.4538867258002,0.0,-523.0,0.31172,0.0,0.0,long_nclose
11166876,1610458851035,0.0,-0.048381228000000005,187.4055054978002,187.40550549780008,1.4342406819161193,980.0,0.27427,980.0,0.27427,long_ientry
11221630,1610463697435,2.194199999999997,-0.023943778200000005,189.5757617196002,191.8996217196002,0.7277186110113177,-477.0,0.27887,503.0,0.27427,long_sclose
11224589,1610464089009,2.5250599999999843,-0.0252869166,192.07553480300018,192.07553480300018,0.0,-503.0,0.27929,0.0,0.0,long_nclose
11359879,1610487228420,0.0,-0.04959018180000001,192.02594462120018,192.01597462120006,1.4347072242944403,997.0,0.27633,997.0,0.27633,long_ientry
11364235,1610488159339,5.034849999999999,-0.05049645480000001,197.0102981664002,197.0102981664002,0.0,-997.0,0.28138,0.0,0.0,long_nclose
11378094,1610491632075,0.0,-0.050889879,196.95940828740018,196.9492182874002,1.435430541035425,1019.0,0.27745,1019.0,0.27745,long_ientry
11400969,1610495930109,2.107280000000011,-0.025199987400000002,199.0414883000002,201.2756483000002,0.7276317175729229,-497.0,0.28169,522.0,0.27745,long_sclose
11404966,1610496460217,2.6465400000000097,-0.0265455792,201.66148272080022,201.66148272080022,0.0,-522.0,0.28252,0.0,0.0,long_nclose
11417430,1610497593022,0.0,-0.052090340400000004,201.6093923804002,201.58853238040024,1.43540326461563,1043.0,0.27746,1043.0,0.27746,long_ientry
11421726,1610497991080,2.2090600000000054,-0.025818516,203.79263386440022,206.12087386440018,0.7270313808230443,-509.0,0.2818,534.0,0.27746,long_sclose
11427951,1610498685592,2.7073800000000103,-0.027156783600000005,206.47285708080022,206.47285708080022,0.0,-534.0,0.28253,0.0,0.0,long_nclose
11436023,1610499518981,0.0,-0.0533207574,206.41953632340022,206.4087263234002,1.4350697384374418,1081.0,0.27403,1081.0,0.27403,long_ientry
11439200,1610499806222,5.415810000000016,-0.05429560320000001,211.78105072020026,211.78105072020026,0.0,-1081.0,0.27904,0.0,0.0,long_nclose
11447714,1610501224798,0.0,-0.05469525000000001,211.72635547020025,211.71525547020025,1.4351661573977625,1110.0,0.27375,1110.0,0.27375,long_ientry
11451149,1610501991551,5.561100000000016,-0.05569624800000001,217.23175922220025,217.23175922220025,0.0,-1110.0,0.27876,0.0,0.0,long_nclose
11803733,1610590913026,0.0,-0.056080512000000006,217.17567871020026,217.16487871020024,1.434591579730916,1080.0,0.28848,1080.0,0.28848,long_ientry
11807540,1610591554860,5.691599999999997,-0.057105,222.81017371020025,222.81017371020025,0.0,-1080.0,0.29375,0.0,0.0,long_nclose
12060912,1610657886052,0.0,-0.057514005,222.75265970520024,222.74190970520024,1.4344261946091619,1075.0,0.29723,1075.0,0.29723,long_ientry
12087620,1610661981587,1.956020000000011,-0.0283333158,224.68034638940026,226.75034638940028,0.7302417084387243,-523.0,0.30097,552.0,0.29723,long_sclose
12099154,1610666646410,2.9973599999999947,-0.030072297600000002,227.64763409180026,227.64763409180026,0.0,-552.0,0.30266,0.0,0.0,long_nclose
12176211,1610689916030,0.0,-0.058800484800000004,227.58883360700025,227.57769360700024,1.4353488034658664,1114.0,0.29324,1114.0,0.29324,long_ientry
12192687,1610694892016,5.971039999999973,-0.05987527200000001,233.4999983350002,233.4999983350002,0.0,-1114.0,0.2986,0.0,0.0,long_nclose
12271330,1610721094042,0.0,-0.060284921400000004,233.4397134136002,233.4281234136002,1.4347011701758188,1159.0,0.28897,1159.0,0.28897,long_ientry
12435085,1610755642291,-0.09039999999999632,-0.029371977,233.3199414366002,233.23084143660014,0.7356772804892967,-565.0,0.28881,594.0,0.28897,long_sclose
12483836,1610775109318,0.0,-0.029365011,233.2905764256002,227.27938642560017,1.4350649525990113,585.0,0.27887,1179.0,0.2839585496183206,long_rentry
12503994,1610784688768,2.2260839694656283,-0.029790405,235.48686999006583,237.83126602060017,0.7283249549187221,-575.0,0.28783,604.0,0.2839585496183206,long_sclose
12507650,1610785998629,3.1356360305343554,-0.031436388,238.59106963260018,238.59106963260018,0.0,-604.0,0.28915,0.0,0.0,long_nclose
12693514,1610833104488,0.0,-0.061630810200000004,238.52943882240018,238.51764882240016,1.4354345178120045,1179.0,0.29041,1179.0,0.29041,long_ientry
12712680,1610840185334,2.438000000000012,-0.030496275000000003,240.9369425474002,243.5039425474002,0.7280230177466105,-575.0,0.29465,604.0,0.29041,long_sclose
12723335,1610843726828,3.207239999999989,-0.0321506784,244.1120318690002,244.1120318690002,0.0,-604.0,0.29572,0.0,0.0,long_nclose
12849676,1610868739057,0.0,-0.0630214308,244.04901043820018,244.03715043820023,1.434626017828741,1186.0,0.29521,1186.0,0.29521,long_ientry
12875213,1610873931651,2.1790600000000295,-0.031105879200000002,246.1969645590002,248.4952045590002,0.7290409949672081,-578.0,0.29898,608.0,0.29521,long_sclose
12876444,1610874150362,3.2832000000000097,-0.032898758400000006,249.44726580060023,249.44726580060023,0.0,-608.0,0.30061,0.0,0.0,long_nclose
12885771,1610876471104,0.0,-0.06443722800000001,249.38282857260023,249.37062857260008,1.4354821542806573,1220.0,0.29343,1220.0,0.29343,long_ientry
12897477,1610879031447,3.141599999999971,-0.031991841,252.4924367316002,255.79868673160018,0.7263336374504865,-595.0,0.29871,625.0,0.29343,long_sclose
12897507,1610879035169,3.3562499999999913,-0.033615,255.8150717316002,255.8150717316002,0.0,-625.0,0.2988,0.0,0.0,long_nclose
12927341,1610888219269,0.0,-0.06604191359999999,255.7490298180002,255.72406981800023,1.4346076708916482,1248.0,0.29399,1248.0,0.29399,long_ientry
12929504,1610888819480,2.91232000000001,-0.0326984832,258.6286513348002,261.7006513348002,0.7275048569790173,-608.0,0.29878,640.0,0.29399,long_sclose
12929580,1610888830822,3.443200000000033,-0.03448742400000001,262.03736391080025,262.03736391080025,0.0,-640.0,0.29937,0.0,0.0,long_nclose
13084640,1610940061669,0.0,-0.067679271,261.9696846398003,261.95703463980027,1.4352651167137225,1265.0,0.29723,1265.0,0.29723,long_ientry
13118852,1610954054926,2.350769999999988,-0.033433502399999995,264.2870211374003,266.76238113740027,0.7287722233619126,-617.0,0.30104,648.0,0.29723,long_sclose
13121118,1610955109877,3.5186399999999938,-0.0353022624,267.7703588750003,267.7703588750003,0.0,-648.0,0.30266,0.0,0.0,long_nclose
13534746,1611085307034,0.0,-0.0691393248,267.7012195502003,267.6883395502003,1.4348360483579,1288.0,0.29822,1288.0,0.29822,long_ientry
13551800,1611089831727,7.019600000000013,-0.0704028528,274.6504166974003,274.6504166974003,0.0,-1288.0,0.30367,0.0,0.0,long_nclose
13572747,1611100867424,0.0,-0.070915068,274.57950162940034,274.5662016294003,1.4348216005277203,1330.0,0.29622,1330.0,0.29622,long_ientry
13577754,1611102112649,7.208600000000048,-0.07221261600000001,281.7158890134004,281.7158890134004,0.0,-1330.0,0.30164,0.0,0.0,long_nclose
13606302,1611113834036,0.0,-0.07272903600000001,281.6431599774004,281.6293599774004,1.4346174784873946,1380.0,0.29279,1380.0,0.29279,long_ientry
13645076,1611127144043,7.383000000000029,-0.07405797600000001,288.9521020014004,288.9521020014004,0.0,-1380.0,0.29814,0.0,0.0,long_nclose
13663856,1611135495086,0.0,-0.07462043280000001,288.87748156860044,288.8630415686004,1.4350649893129657,1444.0,0.28709,1444.0,0.28709,long_ientry
13784823,1611170409334,7.580999999999967,-0.0759850128,296.3824965558004,296.3824965558004,0.0,-1444.0,0.29234,0.0,0.0,long_nclose
13851113,1611205126490,0.0,-0.0765216504,296.3059749054004,296.29089490540036,1.4347340789726744,1508.0,0.28191,1508.0,0.28191,long_ientry
13857966,1611208484344,7.766199999999982,-0.0779195664,303.99425533900035,303.99425533900035,0.0,-1508.0,0.28706,0.0,0.0,long_nclose
13886583,1611220466139,0.0,-0.07852541760000001,303.9157299214003,303.8999099214003,1.4354384358875567,1582.0,0.27576,1582.0,0.27576,long_ientry
14203846,1611288500362,-10.854320000000014,-0.036365832,293.0250440894003,281.6526440894003,0.7622747765267887,-772.0,0.2617,810.0,0.27576,long_sclose
14316977,1611328541868,4.082399999999991,-0.04094064000000001,297.06650344940033,297.06650344940033,0.0,-810.0,0.2808,0.0,0.0,long_nclose
14462852,1611400889959,0.0,-0.0766968102,296.9898066392003,296.9736966392003,1.434707119485895,1611.0,0.26449,1611.0,0.26449,long_ientry
14481043,1611408708821,7.797240000000017,-0.07810031340000001,304.70894632580035,304.70894632580035,0.0,-1611.0,0.26933,0.0,0.0,long_nclose
14685198,1611516053040,0.0,-0.07870232880000001,304.6302439970004,304.6302439970002,1.435297934516001,1643.0,0.26612,1643.0,0.26612,long_ientry
14705658,1611525744897,8.001409999999977,-0.08014258260000001,312.55151141440035,312.55151141440035,0.0,-1643.0,0.27099,0.0,0.0,long_nclose
14767678,1611567942245,0.0,-0.08072358840000002,312.47078782600033,312.47078782600016,1.4352201788850991,1673.0,0.26806,1673.0,0.26806,long_ientry
14777451,1611573757459,8.197699999999934,-0.08219917439999999,320.5862886516003,320.5862886516003,0.0,-1673.0,0.27296,0.0,0.0,long_nclose
14868871,1611632167184,0.0,-0.082779732,320.5035089196003,320.4856589196004,1.4348903746803119,1785.0,0.25764,1785.0,0.25764,long_ientry
14976460,1611697558425,8.407350000000084,-0.084293055,328.82656586460035,328.82656586460035,0.0,-1785.0,0.26235,0.0,0.0,long_nclose
15050974,1611748586234,0.0,-0.0849119688,328.74165389580037,328.7220138958004,1.4349661943038194,1964.0,0.24019,1964.0,0.24019,long_ientry
15098042,1611763657415,8.62196000000001,-0.08646392160000001,337.27714997420037,337.27714997420037,0.0,-1964.0,0.24458,0.0,0.0,long_nclose
15111907,1611769084743,0.0,-0.08711671680000001,337.1900332574004,337.1493932574004,1.4353382729748225,2032.0,0.23818,2032.0,0.23818,long_ientry
15130015,1611778297816,8.859520000000005,-0.0887114304,345.9608418270004,345.9608418270004,0.0,-2032.0,0.24254,0.0,0.0,long_nclose
15142410,1611787675335,0.0,-0.0893476584,345.8714941686004,345.82963416860036,1.4351453888768118,2093.0,0.23716,2093.0,0.23716,long_ientry
15162435,1611797589922,9.083619999999964,-0.09098271000000001,354.86413145860035,354.86413145860035,0.0,-2093.0,0.2415,0.0,0.0,long_nclose
15247330,1611834739822,0.0,-0.09166970880000001,354.77246174980036,354.75198174980034,1.435500820689859,2048.0,0.24867,2048.0,0.24867,long_ientry
15249042,1611835221354,3.80999999999998,-0.0454464,358.53701534980036,362.54037534980034,0.7268598466625382,-1000.0,0.25248,1048.0,0.24867,long_sclose
15249276,1611835260243,4.768399999999998,-0.0477674208,363.2576479290003,363.2576479290003,0.0,-1048.0,0.25322,0.0,0.0,long_nclose
15963013,1611900057014,0.0,-0.09380421000000001,363.16384371900034,363.1165037190004,1.434984536630332,1578.0,0.33025,1578.0,0.33025,long_ientry
15964129,1611900065795,9.531119999999984,-0.0955198116,372.5994439074003,372.5994439074003,0.0,-1578.0,0.33629,0.0,0.0,long_nclose
15982933,1611900597547,0.0,-0.0962426016,372.5032013058003,372.4869713058003,1.435373221292298,1623.0,0.32944,1623.0,0.32944,long_ientry
15987286,1611900791112,9.77045999999995,-0.09800128439999999,382.17566002140023,382.17566002140023,0.0,-1623.0,0.33546,0.0,0.0,long_nclose
15998760,1611901317044,0.0,-0.09870802199999999,382.07695199940025,381.99345199940024,1.435255115835568,1670.0,0.32837,1670.0,0.32837,long_ientry
16013001,1611901823102,10.020000000000008,-0.10051162200000001,391.99644037740023,391.99644037740023,0.0,-1670.0,0.33437,0.0,0.0,long_nclose
16034963,1611902911479,0.0,-0.10121997600000002,391.89522040140025,391.87782040140024,1.4349070127061718,1740.0,0.32318,1740.0,0.32318,long_ientry
16055085,1611903726403,10.283399999999949,-0.103070988,402.0755494134002,402.0755494134002,0.0,-1740.0,0.32909,0.0,0.0,long_nclose
16072842,1611904580203,0.0,-0.1038245184,401.9717248950002,401.95388489500016,1.4349339624588464,1784.0,0.32332,1784.0,0.32332,long_ientry
16161969,1611909841403,3.184199999999997,-0.051205068000000006,405.10471982700017,408.46823982700016,0.72947676375185,-870.0,0.32698,914.0,0.32332,long_sclose
16177736,1611910535654,5.401740000000024,-0.05416491960000001,410.4522949074002,410.4522949074002,0.0,-914.0,0.32923,0.0,0.0,long_nclose
16186181,1611910793315,0.0,-0.1060143084,410.3462805990002,410.30910059900026,1.4352960117982732,1859.0,0.31682,1859.0,0.31682,long_ientry
16254885,1611914968974,10.763610000000032,-0.10795175820000001,421.0019388408002,421.0019388408002,0.0,-1859.0,0.32261,0.0,0.0,long_nclose
16301501,1611916499238,0.0,-0.10873354140000001,420.8932052994002,420.8742752994002,1.4352221000343643,1893.0,0.31911,1893.0,0.31911,long_ientry
16303122,1611916690544,11.036190000000003,-0.11072005560000002,431.8186752438002,431.8186752438002,0.0,-1893.0,0.32494,0.0,0.0,long_nclose
16314655,1611917941295,0.0,-0.1115011332,431.7071741106002,431.68776411060026,1.4348863700868248,1941.0,0.31914,1941.0,0.31914,long_ientry
16318148,1611918339470,5.2313800000000334,-0.055284807600000006,436.88326930300025,442.3955693030003,0.7268401477278069,-946.0,0.32467,995.0,0.31914,long_sclose
16318414,1611918367695,5.800850000000002,-0.058202127,442.62591717600026,442.62591717600026,0.0,-995.0,0.32497,0.0,0.0,long_nclose
16320489,1611918496013,0.0,-0.1142953812,442.51162179480025,442.4916017948002,1.4349325728996283,2002.0,0.31717,2002.0,0.31717,long_ientry
16325697,1611919189291,11.611599999999944,-0.1163854692,454.0068363256002,454.0068363256002,0.0,-2002.0,0.32297,0.0,0.0,long_nclose
16379338,1611925596016,0.0,-0.117281178,453.8895551476002,453.84783514760016,1.4355080274718344,2086.0,0.31235,2086.0,0.31235,long_ientry
16419346,1611930256650,11.911059999999985,-0.11942516880000001,465.6811899788002,465.6811899788002,0.0,-2086.0,0.31806,0.0,0.0,long_nclose
16435370,1611930871923,0.0,-0.12029530320000002,465.5608946756002,465.5394146756002,1.4354883488779104,2148.0,0.31113,2148.0,0.31113,long_ientry
16481382,1611936717324,12.222119999999942,-0.1224952848,477.6605193908002,477.6605193908002,0.0,-2148.0,0.31682,0.0,0.0,long_nclose
16499411,1611939115424,0.0,-0.123366168,477.53715322280016,477.51455322280026,1.4352131459816158,2260.0,0.30326,2260.0,0.30326,long_ientry
16803827,1612003286646,-5.095859999999953,-0.059291985600000006,472.3820012372002,467.0713712372002,0.7427713568278281,-1103.0,0.29864,1157.0,0.30326,long_sclose
16873337,1612016545746,6.409780000000052,-0.064310688,478.7274705492003,478.7274705492003,0.0,-1157.0,0.3088,0.0,0.0,long_nclose
17125611,1612025505699,0.0,-0.12364778520000001,478.6038227640003,478.5822827640003,1.435283437630891,2154.0,0.31891,2154.0,0.31891,long_ientry
17134480,1612025663318,12.557819999999884,-0.1259081928,491.0357345712002,491.0357345712002,0.0,-2154.0,0.32474,0.0,0.0,long_nclose
17156204,1612026370325,0.0,-0.12680499420000002,490.9089295770002,490.86474957700017,1.435036414202162,2209.0,0.31891,2209.0,0.31891,long_ientry
17176429,1612027128873,4.534169999999991,-0.06264004320000001,495.3804595338002,500.16881953380016,0.7287451756569907,-1077.0,0.32312,1132.0,0.31891,long_sclose
17177382,1612027183023,6.599559999999939,-0.0661690224,501.91385051140014,501.91385051140014,0.0,-1132.0,0.32474,0.0,0.0,long_nclose
17194751,1612028193015,0.0,-0.12963824640000002,501.7842122650001,501.7614322650001,1.4353031888927674,2278.0,0.31616,2278.0,0.31616,long_ientry
17203408,1612028996806,13.166840000000017,-0.1320082776,514.8190439874002,514.8190439874002,0.0,-2278.0,0.32194,0.0,0.0,long_nclose
17212134,1612029836870,0.0,-0.1329895332,514.6860544542002,514.6392144542003,1.4354978799328348,2342.0,0.31547,2342.0,0.31547,long_ientry
17271456,1612036595802,6.149340000000059,-0.066011679,520.7693827752003,527.2319927752003,0.7263263596340839,-1143.0,0.32085,1199.0,0.31547,long_sclose
17271686,1612036636349,6.918230000000063,-0.0693300168,527.6182827584004,527.6182827584004,0.0,-1199.0,0.32124,0.0,0.0,long_nclose
17445727,1612063313833,0.0,-0.1362780738,527.4820046846004,527.4580146846005,1.435310405428326,2399.0,0.31559,2399.0,0.31559,long_ientry
17454959,1612065897296,13.842229999999994,-0.1387696752,541.1854650094003,541.1854650094003,0.0,-2399.0,0.32136,0.0,0.0,long_nclose
17628922,1612105005385,0.0,-0.1397989692,541.0456660402003,541.0209960402003,1.4354813073066797,2467.0,0.31482,2467.0,0.31482,long_ientry
17796991,1612148057321,-1.7578399999999534,-0.06791137920000001,539.2199146610003,537.3885646610003,0.737394241549807,-1204.0,0.31336,1263.0,0.31482,long_sclose
17810676,1612150653225,7.274879999999984,-0.0728806572,546.4219140038002,546.4219140038002,0.0,-1263.0,0.32058,0.0,0.0,long_nclose
18115396,1612180797561,0.0,-0.14110677900000002,546.2808072248002,546.2335072248003,1.435024880303741,2365.0,0.33147,2365.0,0.33147,long_ientry
18127615,1612181161222,14.331900000000024,-0.143686521,560.4690207038003,560.4690207038003,0.0,-2365.0,0.33753,0.0,0.0,long_nclose
18134080,1612181591643,0.0,-0.1447793208,560.3242413830003,560.2752013830001,1.4354716440872561,2452.0,0.32803,2452.0,0.32803,long_ientry
18138013,1612181832664,14.712000000000014,-0.1474274808,574.8888139022002,574.8888139022002,0.0,-2452.0,0.33403,0.0,0.0,long_nclose
18158710,1612183919599,0.0,-0.14849375760000003,574.7403201446002,574.6904401446002,1.4353705335871427,2494.0,0.33078,2494.0,0.33078,long_ientry
18160615,1612184100886,6.730009999999975,-0.0736720686,581.3966580760002,588.4712380760002,0.7265367871185511,-1217.0,0.33631,1277.0,0.33078,long_sclose
18160670,1612184101696,7.725849999999999,-0.0774237438,589.0450843322003,589.0450843322003,0.0,-1277.0,0.33683,0.0,0.0,long_nclose
18174595,1612185835043,0.0,-0.15211886400000002,588.8929654682003,588.8671654682003,1.4350736883537032,2580.0,0.32756,2580.0,0.32756,long_ientry
18179078,1612186262440,15.454199999999988,-0.15490062000000002,604.1922648482002,604.1922648482002,0.0,-2580.0,0.33355,0.0,0.0,long_nclose
18181595,1612186372030,0.0,-0.156055626,604.0362092222002,604.0095092222002,1.435304186675132,2670.0,0.32471,2670.0,0.32471,long_ientry
18264653,1612193936245,5.889560000000031,-0.07721760420000001,609.8485516180003,616.0410616180003,0.7278504947209232,-1303.0,0.32923,1367.0,0.32471,long_sclose
18265338,1612193996834,8.119980000000002,-0.08135973900000001,617.8871718790003,617.8871718790003,0.0,-1367.0,0.33065,0.0,0.0,long_nclose
18302468,1612198387068,0.0,-0.15956582400000002,617.7276060550004,617.6994460550003,1.4350610063573412,2816.0,0.3148,2816.0,0.3148,long_ientry
18316391,1612200764528,16.220159999999964,-0.1624854528,633.7852806022004,633.7852806022004,0.0,-2816.0,0.32056,0.0,0.0,long_nclose
18868641,1612353146053,0.0,-0.16367556600000002,633.6216050362003,633.5941550362003,1.4350973716372077,2745.0,0.33126,2745.0,0.33126,long_ientry
18889104,1612358753045,6.387029999999995,-0.0809899506,639.9276450856003,646.6483250856003,0.7278190957630819,-1339.0,0.33603,1406.0,0.33126,long_sclose
18892451,1612360303070,8.520360000000014,-0.08536894560000001,648.3626361400003,648.3626361400003,0.0,-1406.0,0.33732,0.0,0.0,long_nclose
19095875,1612429209289,0.0,-0.16744708800000002,648.1951890520003,648.1669890520002,1.4351565943593751,2820.0,0.32988,2820.0,0.32988,long_ientry
19236337,1612473372673,3.536320000000023,-0.08234121600000001,651.6491678360003,655.3746878360002,0.730986462519172,-1376.0,0.33245,1444.0,0.32988,long_sclose
19275733,1612487911366,8.70731999999997,-0.0873097272,660.2691781088002,660.2691781088002,0.0,-1444.0,0.33591,0.0,0.0,long_nclose
19671963,1612576040410,0.0,-0.1705469256,660.0986311832003,660.0711511832002,1.4353656790678007,2748.0,0.34479,2748.0,0.34479,long_ientry
19696242,1612577426315,5.994270000000039,-0.08430437880000001,666.0085968044003,672.3260268044003,0.7283983004538821,-1341.0,0.34926,1407.0,0.34479,long_sclose
19700067,1612578193061,8.86410000000004,-0.0889170534,674.7837797510003,674.7837797510003,0.0,-1407.0,0.35109,0.0,0.0,long_nclose
19718615,1612581837036,0.0,-0.17430371640000003,674.6094760346003,674.5810960346003,1.43542896208937,2838.0,0.34121,2838.0,0.34121,long_ientry
19754043,1612594194094,17.70911999999991,-0.17749135800000002,692.1411046766002,692.1411046766002,0.0,-2838.0,0.34745,0.0,0.0,long_nclose
20203794,1612672458862,0.0,-0.1787833872,691.9623212894002,691.9354812894002,1.4353975779334316,2684.0,0.37006,2684.0,0.37006,long_ientry
20223216,1612674372120,7.9254999999999995,-0.088686738,699.7991345514001,708.1255745514002,0.7265834078602358,-1310.0,0.37611,1374.0,0.37006,long_sclose
20226544,1612675037019,9.301979999999997,-0.0931975956,709.0079169558,709.0079169558,0.0,-1374.0,0.37683,0.0,0.0,long_nclose
20571874,1612706889614,0.0,-0.1831012128,708.824815743,708.7730957430001,1.4350921940193733,2586.0,0.39336,2586.0,0.39336,long_ientry
20585457,1612707358862,18.593340000000076,-0.18644801400000002,727.2317077290002,727.2317077290002,0.0,-2586.0,0.40055,0.0,0.0,long_nclose
20598459,1612708403039,0.0,-0.18785946600000003,727.0438482630002,727.0172682630001,1.4354893483982358,2658.0,0.39265,2658.0,0.39265,long_ientry
20600611,1612708509906,19.084440000000054,-0.19129466520000005,745.9369935978003,745.9369935978003,0.0,-2658.0,0.39983,0.0,0.0,long_nclose
20626913,1612710716072,0.0,-0.192645504,745.7443480938003,745.7168280938004,1.4351470483627222,2752.0,0.3889,2752.0,0.3889,long_ientry
20760383,1612718595979,0.06709999999999261,-0.09395476200000001,745.7174933318004,745.8020933318003,0.735330745092253,-1342.0,0.38895,1410.0,0.3889,long_sclose
20835223,1612728061012,0.0,-0.09387624600000001,745.6236170858003,724.3891670858002,1.4348844047906366,1395.0,0.37386,2805.0,0.38142021390374337,long_rentry
20870212,1612734899204,5.321227379679057,-0.0948787344,750.8499657310794,756.4826983514001,0.7299738594860431,-1368.0,0.38531,1437.0,0.38142021390374337,long_sclose
20893779,1612740264126,10.015582620320801,-0.10046095740000001,760.7650873940003,760.7650873940003,0.0,-1437.0,0.38839,0.0,0.0,long_nclose
20946965,1612747968603,0.0,-0.196496496,760.5685908980003,760.5398708980002,1.4353040778493054,2872.0,0.3801,2872.0,0.3801,long_ientry
20955920,1612749982453,8.42001000000002,-0.0973692198,768.8912316782003,777.7466516782004,0.7271862091334245,-1401.0,0.38611,1471.0,0.3801,long_sclose
21016463,1612765815565,10.223450000000017,-0.10248309900000001,779.0121985792003,779.0121985792003,0.0,-1471.0,0.38705,0.0,0.0,long_nclose
21138816,1612790870599,0.0,-0.20118208140000002,778.8110164978003,778.7523964978003,1.4351083977035097,2931.0,0.38133,2931.0,0.38133,long_ientry
21145907,1612791434996,20.429069999999932,-0.204859314,799.0352271838002,799.0352271838002,0.0,-2931.0,0.3883,0.0,0.0,long_nclose
21437113,1612864071063,0.0,-0.20639324160000003,798.8288339422002,798.7699539422001,1.4353877467609855,2944.0,0.38948,2944.0,0.38948,long_ientry
21439021,1612864165643,20.961280000000045,-0.21016627200000002,819.5799476702002,819.5799476702002,0.0,-2944.0,0.3966,0.0,0.0,long_nclose
21458220,1612868210216,0.0,-0.2117217672,819.3682259030003,819.3377859030004,1.4355353341944779,3044.0,0.38641,3044.0,0.38641,long_ientry
21473014,1612870803980,21.49064000000003,-0.2155900824,840.6432758206003,840.6432758206003,0.0,-3044.0,0.39347,0.0,0.0,long_nclose
21916495,1612960371054,0.0,-0.2171364156,840.4261394050003,840.3673794050003,1.4353592343689336,2938.0,0.41059,2938.0,0.41059,long_ientry
22022738,1612965263677,-0.5736000000000164,-0.1058782428,839.7466611622002,839.1601011622002,0.7353734031467882,-1434.0,0.41019,1504.0,0.41059,long_sclose
22031084,1612965957605,11.295040000000025,-0.11318803200000001,850.9285131302001,850.9285131302001,0.0,-1504.0,0.4181,0.0,0.0,long_nclose
22044689,1612967257031,0.0,-0.21978599399999998,850.7087271362002,850.6783871362003,1.4353130055576706,3034.0,0.40245,3034.0,0.40245,long_ientry
22151980,1612978118616,3.8802200000000164,-0.10798356060000001,854.4809635756002,858.5808835756002,0.731443854974427,-1481.0,0.40507,1553.0,0.40245,long_sclose
22225794,1612995568493,11.430080000000052,-0.11455828740000001,865.7964852882003,865.7964852882003,0.0,-1553.0,0.40981,0.0,0.0,long_nclose
22811917,1613103922549,0.0,-0.22361853060000003,865.5728667576003,865.5446967576003,1.4352635320625264,2817.0,0.44101,2817.0,0.44101,long_ientry
22817642,1613104310404,22.705020000000033,-0.22770543420000006,888.0501813234004,888.0501813234004,0.0,-2817.0,0.44907,0.0,0.0,long_nclose
22999147,1613140769820,0.0,-0.22933309680000002,887.8208482266003,887.7926782266003,1.4350561405996807,2817.0,0.45228,2817.0,0.45228,long_ientry
23014668,1613142151737,23.29659,-0.233526483,910.8839117436004,910.8839117436004,0.0,-2817.0,0.46055,0.0,0.0,long_nclose
23668276,1613211329838,0.0,-0.2352870288,910.6486247148003,910.6249847148005,1.4354056268512754,2364.0,0.55294,2364.0,0.55294,long_ientry
23791877,1613218587864,-2.2733800000000315,-0.11444748839999999,908.2607972264004,905.8891972264005,0.736635779110067,-1154.0,0.55097,1210.0,0.55294,long_sclose
23842644,1613224381967,12.233100000000077,-0.12263229000000002,920.3712649364005,920.3712649364005,0.0,-1210.0,0.56305,0.0,0.0,long_nclose
24167890,1613281887249,0.0,-0.237686436,920.1335785004005,920.0854385004004,1.4350961978282213,2407.0,0.5486,2407.0,0.5486,long_ientry
24179167,1613283609014,11.646080000000048,-0.11802644640000001,931.6616320540006,943.9053220540006,0.7260402025021819,-1174.0,0.55852,1233.0,0.5486,long_sclose
24179261,1613283618488,12.36698999999998,-0.12398234219999998,943.9046397118007,943.9046397118007,0.0,-1233.0,0.55863,0.0,0.0,long_nclose
24232241,1613301173697,0.0,-0.24375401280000006,943.6608856990007,943.6354156990005,1.4350377137830692,2547.0,0.53168,2547.0,0.53168,long_ientry
24234969,1613301390917,24.756839999999876,-0.248210244,968.1695154550006,968.1695154550006,0.0,-2547.0,0.5414,0.0,0.0,long_nclose
24278562,1613310054052,0.0,-0.25006108860000004,967.9194543664006,967.8928443664005,1.435272598079339,2661.0,0.52207,2661.0,0.52207,long_ientry
24387624,1613321057365,25.38593999999998,-0.25463055780000005,993.0507638086005,993.0507638086005,0.0,-2661.0,0.53161,0.0,0.0,long_nclose
24481628,1613345766201,0.0,-0.25645036140000005,992.7943134472006,992.7668234472007,1.4350648575464173,2749.0,0.51827,2749.0,0.51827,long_ientry
24490995,1613347542107,26.03302999999994,-0.2611363068,1018.5662071404005,1018.5662071404005,0.0,-2749.0,0.52774,0.0,0.0,long_nclose
24521920,1613353000095,0.0,-0.26309868300000006,1018.3031084574005,1018.2737584574005,1.4353873005594846,2935.0,0.49801,2935.0,0.49801,long_ientry
24767609,1613371017195,-19.60408000000005,-0.1248383232,998.5741901342004,978.0131501342004,0.7495777854016099,-1432.0,0.48432,1503.0,0.49801,long_sclose
24872241,1613389345944,13.677299999999912,-0.13719353939999998,1012.1142965948004,1012.1142965948004,0.0,-1503.0,0.50711,0.0,0.0,long_nclose
25068688,1613426138057,0.0,-0.2614522392,1011.8528443556004,1011.7654243556003,1.4354977090814367,2914.0,0.49846,2914.0,0.49846,long_ientry
25105159,1613429389794,11.711289999999943,-0.1297835766,1023.4343507790004,1035.7201907790004,0.7261861588232804,-1423.0,0.50669,1491.0,0.49846,long_sclose
25105588,1613429431154,13.583009999999927,-0.1362216366,1036.8811391424003,1036.8811391424003,0.0,-1491.0,0.50757,0.0,0.0,long_nclose
25118783,1613431725366,0.0,-0.26785807380000004,1036.6132810686004,1036.5833110686003,1.4355405599916498,2997.0,0.49653,2997.0,0.49653,long_ientry
25164728,1613438287964,11.118799999999913,-0.13275759420000002,1047.5993234744003,1059.2730634744003,0.7270690262321583,-1463.0,0.50413,1534.0,0.49653,long_sclose
25165400,1613438386188,13.928719999999965,-0.1396090332,1061.3884344412002,1061.3884344412002,0.0,-1534.0,0.50561,0.0,0.0,long_nclose
25290015,1613476864227,0.0,-0.274174362,1061.1142600792002,1061.0831300792001,1.435463603972593,3113.0,0.4893,3113.0,0.4893,long_ientry
25294301,1613477380967,27.83022000000001,-0.27918380160000006,1088.6652962776002,1088.6652962776002,0.0,-3113.0,0.49824,0.0,0.0,long_nclose
25367758,1613494323130,0.0,-0.281151486,1088.3841447916002,1088.3514747916001,1.4351115894830286,3267.0,0.4781,3267.0,0.4781,long_ientry
25405404,1613501470443,28.5535799999999,-0.28629113040000004,1116.6514336612001,1116.6514336612001,0.0,-3267.0,0.48684,0.0,0.0,long_nclose
25417129,1613504343455,0.0,-0.28838294640000006,1116.3630507148002,1116.2958107148002,1.4351312317029554,3362.0,0.47654,3362.0,0.47654,long_ientry
25455659,1613515169560,29.283019999999986,-0.29365389000000003,1145.3524168248002,1145.3524168248002,0.0,-3362.0,0.48525,0.0,0.0,long_nclose
25515580,1613533152045,0.0,-0.29588004,1145.0565367848003,1145.0212867848002,1.435543090837731,3525.0,0.46632,3525.0,0.46632,long_ientry
25569540,1613546201709,30.0329999999999,-0.30128598,1174.7882508048,1174.7882508048,0.0,-3525.0,0.47484,0.0,0.0,long_nclose
25925637,1613648336233,0.0,-0.3034824246,1174.4847683802002,1174.4501983802004,1.435534555569655,3457.0,0.48771,3457.0,0.48771,long_ientry
25947863,1613653186309,30.8018700000001,-0.30902676120000006,1204.9776116190003,1204.9776116190003,0.0,-3457.0,0.49662,0.0,0.0,long_nclose
26074109,1613700454731,0.0,-0.3112813548,1204.6663302642003,1204.5952502642,1.4355351490737949,3554.0,0.48659,3554.0,0.48659,long_ientry
26087632,1613703919733,31.595059999999833,-0.3169684656,1235.9444217986002,1235.9444217986002,0.0,-3554.0,0.49548,0.0,0.0,long_nclose
26501088,1613832992687,0.0,-0.3192652764,1235.6251565222,1235.5206965222,1.4354644453761836,3482.0,0.50939,3482.0,0.50939,long_ientry
26507990,1613833617254,32.41742000000014,-0.32510041200000006,1267.7174761102003,1267.7174761102003,0.0,-3482.0,0.5187,0.0,0.0,long_nclose
26516659,1613834599906,0.0,-0.3274864632,1267.3899896470002,1267.3899896469998,1.4355243885954472,3601.0,0.50524,3601.0,0.50524,long_ientry
26537455,1613836913981,33.237229999999855,-0.33346916460000003,1300.2937504824001,1300.2937504824001,0.0,-3601.0,0.51447,0.0,0.0,long_nclose
26633645,1613859533410,0.0,-0.3359033604,1299.9578471220002,1299.9201071220002,1.4355309936637237,3774.0,0.49447,3774.0,0.49447,long_ientry
26833612,1613902134272,9.970629999999945,-0.1658301912,1309.7626469308002,1320.2286669308,0.7290035123825355,-1843.0,0.49988,1931.0,0.49447,long_sclose
26840081,1613903533272,17.456239999999987,-0.1750100058,1327.0438769250002,1327.0438769250002,0.0,-1931.0,0.50351,0.0,0.0,long_nclose
26952017,1613940844082,0.0,-0.34274988,1326.7011270450002,1326.662187045,1.435263723820906,3894.0,0.489,3894.0,0.489,long_ientry
26978207,1613950423408,34.81236000000001,-0.34901610480000006,1361.1644709402003,1361.1644709402003,0.0,-3894.0,0.49794,0.0,0.0,long_nclose
26985290,1613952850026,0.0,-0.35157100680000003,1360.8128999334003,1360.8128999333999,1.4352981663354238,4014.0,0.48659,4014.0,0.48659,long_ientry
27044904,1613972513059,15.652409999999994,-0.17439879960000002,1376.2909111338001,1392.7309111338,0.7265487564516712,-1959.0,0.49458,2055.0,0.48659,long_sclose
27045467,1613972564810,18.268949999999904,-0.183278052,1394.3765830818,1394.3765830818,0.0,-2055.0,0.49548,0.0,0.0,long_nclose
27118939,1613977891056,0.0,-0.3601627848,1394.016420297,1394.0164202969995,1.4353520739545524,4074.0,0.49114,4074.0,0.49114,long_ientry
27122703,1613978623750,36.58451999999995,-0.36674799840000005,1430.2341922986,1430.2341922986,0.0,-4074.0,0.50012,0.0,0.0,long_nclose
27154457,1613987634253,0.0,-0.369447948,1429.8647443506,1429.8647443505995,1.4354424837100075,4265.0,0.48124,4265.0,0.48124,long_ientry
27388302,1614010990038,-40.32834,-0.17309040120000002,1389.3633139494,1347.1222639494,0.7561354970671555,-2082.0,0.46187,2183.0,0.48124,long_sclose
27411423,1614013993874,0.0,-0.1697859468,1389.1935280026,1303.9265480026,1.435222767605831,2133.0,0.44222,4316.0,0.46195601946246523,long_rentry
27471374,1614022300737,-8.56303698795173,-0.17357694120000003,1380.4569140734482,1371.4931110614,0.7395542683034649,-2106.0,0.45789,2210.0,0.46195601946246523,long_sclose
27512934,1614031436936,18.66119698795181,-0.18712512000000003,1398.9309859414,1398.9309859414,0.0,-2210.0,0.4704,0.0,0.0,long_nclose
27527206,1614035977783,0.0,-0.361350288,1398.5696356534,1398.5252356534,1.4353962425775906,4440.0,0.45214,4440.0,0.45214,long_ientry
27530628,1614036671397,17.336000000000016,-0.1794822084,1415.726153445,1433.932883445,0.7259272688430461,-2167.0,0.46014,2273.0,0.45214,long_sclose
27530660,1614036673484,18.774979999999978,-0.188368056,1434.3127653889999,1434.3127653889999,0.0,-2273.0,0.4604,0.0,0.0,long_nclose
27540619,1614038826868,0.0,-0.370474155,1433.9422912339999,1433.8967812339997,1.435336528242566,4551.0,0.45225,4551.0,0.45225,long_ientry
27547245,1614040306380,15.968990000000066,-0.1836749232,1449.7276063108,1466.5502063108,0.7268555109338888,-2221.0,0.45944,2330.0,0.45225,long_sclose
27548385,1614040609134,19.269099999999998,-0.19314208800000002,1468.8035642227999,1468.8035642227999,0.0,-2330.0,0.46052,0.0,0.0,long_nclose
27559418,1614043560056,0.0,-0.37936480680000007,1468.424199416,1468.3770594159998,1.43526799737991,4714.0,0.44709,4714.0,0.44709,long_ientry
27961336,1614084990279,-141.22000000000003,-0.15967566,1327.044523756,1178.849063756,0.8132924258978693,-2300.0,0.38569,2414.0,0.44709,long_sclose
28013263,1614091175324,0.0,-0.14854575960000002,1326.8959779964,1160.5736979964,1.4353268919209634,2182.0,0.37821,4596.0,0.41438848563968667,long_rentry
28030903,1614092681095,-65.46977328981723,-0.155520648,1261.270684058583,1192.6372373484003,0.773074423305072,-2243.0,0.3852,2353.0,0.41438848563968667,long_sclose
28075655,1614098644946,0.0,-0.15030789300000003,1261.120376165583,1181.1705794554002,1.4353110067206778,2195.0,0.38043,4548.0,0.3979991109740947,long_rentry
28082900,1614099695591,-24.440226362490193,-0.154641204,1236.5255085990927,1210.9195782514003,0.7493108099301626,-2220.0,0.38699,2328.0,0.3979991109740947,long_sclose
28088580,1614100505216,0.0,-0.1526087574,1236.3728998416927,1185.8348394940006,1.4351401268782948,2253.0,0.37631,4581.0,0.387332102236999,long_rentry
28091690,1614100834986,-3.223098499692713,-0.155243547,1232.994557795,1229.6348459470005,0.7369709023477123,-2235.0,0.38589,2346.0,0.387332102236999,long_sclose
28104630,1614102733044,0.0,-0.15490818,1232.839649615,1202.6890977670005,1.4351275223834046,2298.0,0.3745,4644.0,0.3809823668923341,long_rentry
28191193,1614117387189,-2.475303378029086,-0.15494953320000002,1230.209396703771,1227.6355282338006,0.7364405367878405,-2266.0,0.37989,2378.0,0.3809823668923341,long_sclose
28216031,1614124822249,16.569031530029523,-0.16605811800000003,1246.6123701158008,1246.6123701158008,0.0,-2378.0,0.38795,0.0,0.0,long_nclose
28224715,1614126127817,0.0,-0.32201064,1246.2903594758009,1246.1460894758004,1.4354183087418289,4809.0,0.372,4809.0,0.372,long_ientry
28232649,1614126973237,32.701200000000135,-0.327896856,1278.663662619801,1278.663662619801,0.0,-4809.0,0.3788,0.0,0.0,long_nclose
28450079,1614179607137,0.0,-0.3303008982,1278.333361721601,1278.240541721601,1.435466713884944,4641.0,0.39539,4641.0,0.39539,long_ientry
28456348,1614180731363,33.55442999999981,-0.33634069559999996,1311.551451026001,1311.551451026001,0.0,-4641.0,0.40262,0.0,0.0,long_nclose
28515531,1614201482580,0.0,-0.33877579680000003,1311.2126752292008,1311.1642352292008,1.4353794739446137,4844.0,0.38854,4844.0,0.38854,long_ientry
28523464,1614203882663,34.392399999999974,-0.34496642880000006,1345.2601088004008,1345.2601088004008,0.0,-4844.0,0.39564,0.0,0.0,long_nclose
28526892,1614204643400,0.0,-0.34746687360000006,1344.9126419268007,1344.7116819268006,1.4353136849352808,5024.0,0.38423,5024.0,0.38423,long_ientry
28528944,1614205702647,35.268479999999855,-0.3538152,1379.8273067268005,1379.8273067268005,0.0,-5024.0,0.39125,0.0,0.0,long_nclose
28618081,1614244178020,0.0,-0.3564043344,1379.4709023924006,1379.4709023924001,1.4353503771381237,4993.0,0.39656,4993.0,0.39656,long_ientry
28628799,1614248555069,17.546399999999963,-0.17711336160000002,1396.8401890308005,1415.2689490308003,0.7256430391677755,-2437.0,0.40376,2556.0,0.39656,long_sclose
28628934,1614248606403,18.530999999999946,-0.18578490479999998,1415.1854041260005,1415.1854041260005,0.0,-2556.0,0.40381,0.0,0.0,long_nclose
28741520,1614289811466,0.0,-0.3655261296,1414.8198779964005,1414.7679179964005,1.4353068907087878,5196.0,0.39082,5196.0,0.39082,long_ientry
28750221,1614292216664,37.099439999999895,-0.3722040288,1451.5471139676004,1451.5471139676004,0.0,-5196.0,0.39796,0.0,0.0,long_nclose
28765325,1614296572309,0.0,-0.3749475960000001,1451.1721663716003,1451.0638663716002,1.4354204471880683,5415.0,0.38468,5415.0,0.38468,long_ientry
28956949,1614350614306,8.219730000000004,-0.18448721460000003,1459.2074091570003,1467.8560491570001,0.7307617500489748,-2643.0,0.38779,2772.0,0.38468,long_sclose
28969695,1614354604314,19.487159999999946,-0.19544762160000004,1478.4991215354003,1478.4991215354003,0.0,-2772.0,0.39171,0.0,0.0,long_nclose
29019766,1614371098490,0.0,-0.38193392160000006,1478.1171876138003,1478.0617476138002,1.4355121080930118,5544.0,0.38273,5544.0,0.38273,long_ientry
29046718,1614380785756,15.511110000000034,-0.18928101960000002,1493.4390165942004,1509.7233965942003,0.7270501158300973,-2707.0,0.38846,2837.0,0.38273,long_sclose
29046901,1614380819882,19.859000000000016,-0.19901952180000002,1513.0989970724004,1513.0989970724004,0.0,-2837.0,0.38973,0.0,0.0,long_nclose
29508326,1614466987306,0.0,-0.39083653440000005,1512.7081605380004,1512.6577305380004,1.4353820099891337,5043.0,0.43056,5043.0,0.43056,long_ientry
29514632,1614467408889,39.68840999999994,-0.3979804482,1551.9985900898002,1551.9985900898002,0.0,-5043.0,0.43843,0.0,0.0,long_nclose
29583839,1614479021372,0.0,-0.40088010240000005,1551.5977099874003,1551.5460799874002,1.4353666969630197,5163.0,0.43136,5163.0,0.43136,long_ientry
29918066,1614547873034,-56.57400000000006,-0.185481576,1494.8382284114002,1435.5293084114003,0.7626808428705992,-2520.0,0.40891,2643.0,0.43136,long_sclose
30350540,1614704201499,0.0,-0.18094794120000002,1494.6572804702002,1446.1074604702,1.4353463151934736,2434.0,0.41301,5077.0,0.422562698443963,long_rentry
30426712,1614725200134,-16.6340667441403,-0.185485734,1477.83772799206,1460.4174147362003,0.7431400839576889,-2478.0,0.41585,2599.0,0.422562698443963,long_sclose
30496195,1614759505715,20.0832567441402,-0.20129826780000004,1497.7196864684004,1497.7196864684004,0.0,-2599.0,0.43029,0.0,0.0,long_nclose
30760867,1614849856105,0.0,-0.386857944,1497.3328285244004,1497.2806885243997,1.4353594331582349,5214.0,0.4122,5214.0,0.4122,long_ientry
30814391,1614868205416,19.138399999999926,-0.192273732,1516.2789547924,1536.3765247924,0.7255668863059751,-2545.0,0.41972,2669.0,0.4122,long_sclose
30814462,1614868206365,20.09756999999995,-0.2016466866,1536.1748781058,1536.1748781058,0.0,-2669.0,0.41973,0.0,0.0,long_nclose
30879589,1614883655071,0.0,-0.39677675040000004,1535.7781013554,1535.7781013553993,1.435308445962723,5448.0,0.40461,5448.0,0.40461,long_ientry
30889779,1614885165760,40.31519999999979,-0.4040334864,1575.6892678689997,1575.6892678689997,0.0,-5448.0,0.41201,0.0,0.0,long_nclose
30933824,1614902992822,0.0,-0.4070487816000001,1575.2822190873997,1575.2261790873995,1.4355409415527305,5604.0,0.40353,5604.0,0.40353,long_ientry
31102261,1614973965252,8.891999999999932,-0.20033101439999998,1583.9738880729994,1593.3235680729995,0.730645908189784,-2736.0,0.40678,2868.0,0.40353,long_sclose
31116594,1614982088460,21.165839999999992,-0.21212817840000003,1604.9275998945993,1604.9275998945993,0.0,-2868.0,0.41091,0.0,0.0,long_nclose
32064904,1615449683036,0.0,-0.41454128700000004,1604.5130586075993,1604.4551286075991,1.4353308859938825,5793.0,0.39755,5793.0,0.39755,long_ientry
32090666,1615461296832,42.115109999999994,-0.42212200680000006,1646.2060466007993,1646.2060466007993,0.0,-5793.0,0.40482,0.0,0.0,long_nclose
32255184,1615554381591,0.0,-0.4251983382,1645.7808482625992,1645.7195382625991,1.4353144238455056,6131.0,0.38529,6131.0,0.38529,long_ientry
32289086,1615563907373,43.16223999999994,-0.43296754140000004,1688.510120721199,1688.510120721199,0.0,-6131.0,0.39233,0.0,0.0,long_nclose
32654731,1615766285299,0.0,-0.43613191440000004,1688.073988806799,1687.9495688067989,1.4353370148856128,6221.0,0.38948,6221.0,0.38948,long_ientry
32674878,1615777354424,44.29352000000009,-0.444104748,1731.9234040587992,1731.9234040587992,0.0,-6221.0,0.3966,0.0,0.0,long_nclose
32706611,1615792656308,0.0,-0.44737345799999995,1731.4760306007993,1731.4104006007997,1.4354273787651544,6563.0,0.3787,6563.0,0.3787,long_ientry
32784015,1615818568811,45.41596000000025,-0.4555483308,1776.4364422699996,1776.4364422699996,0.0,-6563.0,0.38562,0.0,0.0,long_nclose
33794721,1616291751100,0.0,-0.45887031899999997,1775.9775719509996,1775.8525919509998,1.4354232791349326,6249.0,0.40795,6249.0,0.40795,long_ientry
33960025,1616364043434,-1.7695799999999067,-0.22371945660000003,1773.9842724943996,1772.1614124943999,0.7354203305114807,-3051.0,0.40737,3198.0,0.40795,long_sclose
34079076,1616414884651,23.85708000000007,-0.23912661240000002,1797.6022258819996,1797.6022258819996,0.0,-3198.0,0.41541,0.0,0.0,long_nclose
34217283,1616445963977,0.0,-0.46430832240000003,1797.1379175595996,1797.0730475595994,1.4353326223859246,6487.0,0.39764,6487.0,0.39764,long_ientry
34283437,1616464948021,47.16048999999999,-0.4727972106000001,1843.8256103489996,1843.8256103489996,0.0,-6487.0,0.40491,0.0,0.0,long_nclose
34612297,1616617859547,0.0,-0.4762620342000001,1843.3493483147995,1843.3493483147988,1.4353764208715496,7017.0,0.37707,7017.0,0.37707,long_ientry
34617656,1616619017893,48.34713000000005,-0.48496451760000003,1891.2115137971996,1891.2115137971996,0.0,-7017.0,0.38396,0.0,0.0,long_nclose
34630010,1616623341014,0.0,-0.48855228480000007,1890.7229615123995,1890.6504015123994,1.4355246195502451,7256.0,0.37406,7256.0,0.37406,long_ientry
34918670,1616709831576,-15.234900000000092,-0.2358107424,1875.2522507699994,1859.3234807699994,0.7406389084080335,-3543.0,0.36976,3713.0,0.37406,long_sclose
35002116,1616758633577,25.396920000000048,-0.25457070600000004,1900.3946000639994,1900.3946000639994,0.0,-3713.0,0.3809,0.0,0.0,long_nclose
35736755,1617159698032,0.0,-0.4909225464,1899.9036775175994,1899.8345975175994,1.435518817229478,6908.0,0.39481,6908.0,0.39481,long_ientry
35767876,1617171962933,18.079280000000107,-0.24295921380000002,1917.7399983037994,1936.7582983037994,0.7277594205859116,-3373.0,0.40017,3535.0,0.39481,long_sclose
35768854,1617172243515,25.522700000000015,-0.255811689,1943.0068866147994,1943.0068866147994,0.0,-3535.0,0.40203,0.0,0.0,long_nclose
35778204,1617177103104,0.0,-0.5019170940000001,1942.5049695207995,1942.4339195207997,1.4354806519171392,7105.0,0.39246,7105.0,0.39246,long_ientry
35861662,1617201962886,15.367670000000157,-0.24782605380000003,1957.6248134669995,1973.7686534669995,0.7289366941936012,-3469.0,0.39689,3636.0,0.39246,long_sclose
35909584,1617222572754,26.070120000000035,-0.2615498424,1983.4333836245996,1983.4333836245996,0.0,-3636.0,0.39963,0.0,0.0,long_nclose
36681868,1617470287889,0.0,-0.5123688858000001,1982.9210147387996,1982.8549447387995,1.4355053927223391,6607.0,0.43083,6607.0,0.43083,long_ientry
36903843,1617538449393,-11.54907999999991,-0.24809553000000004,1971.1238392087996,1959.0536692087996,0.7389876785137394,-3226.0,0.42725,3381.0,0.43083,long_sclose
37004863,1617587768421,26.642279999999992,-0.2669901318,1997.4991290769997,1997.4991290769997,0.0,-3381.0,0.43871,0.0,0.0,long_nclose
37766441,1617671788831,0.0,-0.516011472,1996.9831176049997,1996.926147605,1.4355306135177026,5697.0,0.5032,5697.0,0.5032,long_ientry
37776058,1617672631151,52.41239999999992,-0.525445704,2048.8700719009994,2048.8700719009994,0.0,-5697.0,0.5124,0.0,0.0,long_nclose
38139448,1617710879020,0.0,-0.5292381455999999,2048.340833755399,2048.2852237553993,1.4354114664645223,5561.0,0.52872,5561.0,0.52872,long_ientry
38149220,1617711798603,53.71926000000001,-0.5389076124000001,2101.5211861429993,2101.5211861429993,0.0,-5561.0,0.53838,0.0,0.0,long_nclose
38191523,1617716226063,0.0,-0.5428137132,2100.9783724297995,2100.9208024297996,1.4353463984078978,5757.0,0.52382,5757.0,0.52382,long_ientry
38332539,1617725342605,-5.057999999999755,-0.26403771600000003,2095.6563347138,2090.4106747138,0.7366176955778486,-2810.0,0.52202,2947.0,0.52382,long_sclose
38440804,1617739383221,28.20279000000023,-0.28294205940000006,2123.5761826544003,2123.5761826544003,0.0,-2947.0,0.53339,0.0,0.0,long_nclose
38498078,1617744762109,0.0,-0.5485852656000001,2123.0275973888,2122.9686773887997,1.4355422999439518,5892.0,0.51726,5892.0,0.51726,long_ientry
38503128,1617745571702,55.67939999999975,-0.5586075576,2178.1483898311994,2178.1483898311994,0.0,-5892.0,0.52671,0.0,0.0,long_nclose
38648247,1617768978333,0.0,-0.562680972,2177.5857088591993,2177.5255088591994,1.4355372499379884,6020.0,0.51927,6020.0,0.51927,long_ientry
39138589,1617831221140,-106.54559999999998,-0.255619476,2070.7844893831993,1959.2268893831993,0.7723409211338937,-2940.0,0.48303,3080.0,0.51927,long_sclose
39320506,1617876170793,0.0,-0.2470255596,2070.5374638235994,1927.1054038235993,1.4352388555733842,2903.0,0.47274,5983.0,0.4966932675915093,long_rentry
39355878,1617884948264,-35.75034136720712,-0.25462692000000003,2034.5324955363922,1997.0619969035993,0.7477744798721894,-2920.0,0.48445,3063.0,0.4966932675915093,long_sclose
39536314,1617925341726,27.80203136720724,-0.27885123180000004,2062.0556756717992,2062.0556756717992,0.0,-3063.0,0.50577,0.0,0.0,long_nclose
40298444,1618077965882,0.0,-0.532648494,2061.523027177799,2061.4677271777996,1.435423354960557,5530.0,0.53511,5530.0,0.53511,long_ientry
40309011,1618078599759,54.08340000000006,-0.5423835060000001,2115.064043671799,2115.064043671799,0.0,-5530.0,0.54489,0.0,0.0,long_nclose
40423302,1618087899903,0.0,-0.54635616,2114.517687511799,2114.4616875117995,1.4354630457462478,5600.0,0.54202,5600.0,0.54202,long_ientry
40443659,1618089857084,55.49600000000048,-0.5563454400000001,2169.4573420717998,2169.4573420717998,0.0,-5600.0,0.55193,0.0,0.0,long_nclose
41260438,1618139819600,0.0,-0.5603874516,2168.8969546201997,2168.8455246201997,1.4354133391944248,5143.0,0.60534,5143.0,0.60534,long_ientry
41273187,1618140779079,56.881579999999786,-0.570626136,2225.2079084841994,2225.2079084841994,0.0,-5143.0,0.6164,0.0,0.0,long_nclose
41900321,1618208114038,0.0,-0.5747879214000001,2224.6331205627994,2224.576850562799,1.435412518353656,5627.0,0.56749,5627.0,0.56749,long_ientry
41905159,1618208283817,58.351989999999944,-0.5852912796,2282.3998192831996,2282.3998192831996,0.0,-5627.0,0.57786,0.0,0.0,long_nclose
42013242,1618220368056,0.0,-0.5896055664000001,2281.8102137167994,2281.7544837167998,1.4355210000854788,5573.0,0.58776,5573.0,0.58776,long_ientry
42073665,1618228142484,15.863430000000005,-0.2907285102,2297.382915206599,2314.0385952065994,0.7296526447134539,-2721.0,0.59359,2852.0,0.58776,long_sclose
42078601,1618228945153,30.630480000000237,-0.30724596000000004,2327.7061492465996,2327.7061492465996,0.0,-2852.0,0.5985,0.0,0.0,long_nclose
43484998,1618390008129,0.0,-0.60124896,2327.1049002866,2327.0540202866,1.4353766345421821,5088.0,0.6565,5088.0,0.6565,long_ientry
43845394,1618418613077,-64.16172000000005,-0.2819851704,2262.6611951162,2195.4259151162,0.7555377728180849,-2484.0,0.63067,2604.0,0.6565,long_sclose
44535840,1618537129755,0.0,-0.2767951296,2262.3843999866,2183.2242799866003,1.4353337655701806,2456.0,0.62612,5060.0,0.6417542924901185,long_rentry
44548799,1618538929651,-5.617502450592589,-0.28431280800000003,2256.4825847280076,2250.6180671786005,0.7366082188264522,-2470.0,0.63948,2590.0,0.6417542924901185,long_sclose
44646045,1618554503240,0.0,-0.283646475,2256.198938253008,2148.8060707036007,1.4351382374360047,2625.0,0.60031,5215.0,0.6208930714380454,long_rentry
44883155,1618588660056,-37.70989373838749,-0.2775315744,2218.21151294022,2178.6457991292004,0.747631767365961,-2544.0,0.60607,2671.0,0.6208930714380454,long_sclose
45131412,1618636582831,30.30764618898081,-0.30396834720000004,2248.2151907820007,2248.2151907820007,0.0,-2671.0,0.63224,0.0,0.0,long_nclose
45533699,1618715879057,0.0,-0.5807644704000001,2247.6344263116007,2247.5764963116003,1.435495578030757,5793.0,0.55696,5793.0,0.55696,long_ientry
45841971,1618731612068,-85.34903999999996,-0.26815209120000005,2162.0172342204005,2072.5928342204006,0.763817408049234,-2828.0,0.52678,2965.0,0.55696,long_sclose
45874296,1618735871633,0.0,-0.26122111200000003,2161.7560131084006,2015.2871331084007,1.4352289440558714,2859.0,0.5076,5824.0,0.5327291895604396,long_rentry
46038040,1618752650021,-63.82901673076927,-0.2610337212,2097.6659626564315,2030.7224793872006,0.7573171665795013,-2842.0,0.51027,2982.0,0.5327291895604396,long_sclose
46200862,1618777320062,29.04709673076921,-0.29117619720000004,2126.4218831900007,2126.4218831900007,0.0,-2982.0,0.54247,0.0,0.0,long_nclose
46440545,1618827188042,0.0,-0.5492453076,2125.872637882401,2125.699057882401,1.4353460153847633,5786.0,0.52737,5786.0,0.52737,long_ientry
46476232,1618832650256,55.77703999999989,-0.5592851748,2181.0903927076006,2181.0903927076006,0.0,-5786.0,0.53701,0.0,0.0,long_nclose
46568773,1618847081462,0.0,-0.5633793,2180.5270134076004,2180.4637834076,1.435380062138647,6323.0,0.495,6323.0,0.495,long_ientry
46583942,1618848346579,57.22315000000002,-0.573679467,2237.1764839406,2237.1764839406,0.0,-6323.0,0.50405,0.0,0.0,long_nclose
46715407,1618876986467,0.0,-0.5778845478000001,2236.5985993928,2236.5334293928004,1.4354250739813528,6517.0,0.49263,6517.0,0.49263,long_ientry
46909330,1618914622189,19.282920000000033,-0.28562968440000003,2255.5958897084,2275.8393397084,0.7283756179447527,-3182.0,0.49869,3335.0,0.49263,long_sclose
46911113,1618914888171,30.015000000000025,-0.301128489,2285.3097612194,2285.3097612194,0.0,-3335.0,0.50163,0.0,0.0,long_nclose
47213962,1618992369024,0.0,-0.5903083242000001,2284.7194528952,2284.6544828951996,1.4354019202857597,6497.0,0.50477,6497.0,0.50477,long_ientry
47225539,1618995029213,59.96730999999974,-0.60110244,2344.0856604551996,2344.0856604551996,0.0,-6497.0,0.514,0.0,0.0,long_nclose
47405679,1619044722097,0.0,-0.6054854328,2343.4801750223996,2343.3426550224,1.435389979336116,6876.0,0.48921,6876.0,0.48921,long_ientry
47451107,1619053596683,61.47144000000002,-0.616550292,2404.3350647303996,2404.3350647303996,0.0,-6876.0,0.49815,0.0,0.0,long_nclose
47464167,1619057341047,0.0,-0.6211067148,2403.7139580155995,2403.4292380155994,1.435525574286159,7118.0,0.48477,7118.0,0.48477,long_ientry
47479587,1619059967316,63.06548000000024,-0.6324585012,2466.1469795144,2466.1469795144,0.0,-7118.0,0.49363,0.0,0.0,long_nclose
47702823,1619114077460,0.0,-0.6370353000000001,2465.5099442143996,2465.4376442143994,1.4354373253715187,7230.0,0.4895,7230.0,0.4895,long_ientry
48194619,1619176744267,-235.27449999999996,-0.26867889,2229.9667653243996,1983.4727653243995,0.8121869922740874,-3530.0,0.42285,3700.0,0.4895,long_sclose
48228481,1619183069597,0.0,-0.250046586,2229.7167187384,1943.6023187383998,1.4352934043615937,3370.0,0.41221,7070.0,0.45265879773691653,long_rentry
48247463,1619186918024,-104.9407609900989,-0.26229325500000006,2124.513664493301,2014.5366054833999,0.7710810320443888,-3451.0,0.42225,3619.0,0.45265879773691653,long_sclose
48549093,1619265028092,0.0,-0.25390504080000004,2124.259759452501,1985.6947504426005,1.4352085405015045,3404.0,0.41439,7023.0,0.4341101735739571,long_rentry
48629041,1619293158471,-10.487214837950994,-0.265897503,2113.50664711155,2102.5382229396005,0.7386114381544018,-3427.0,0.43105,3596.0,0.4341101735739571,long_sclose
48667599,1619308969271,0.0,-0.2649835386,2113.24166357295,2060.4561094010005,1.43532611837853,3509.0,0.41953,7105.0,0.4269093531557987,long_rentry
48671237,1619309690184,12.383003255690022,-0.2687228352,2125.3559439934397,2138.3787565658,0.730545545472374,-3468.0,0.43048,3637.0,0.4269093531557987,long_sclose
48690818,1619316971288,28.37095257236008,-0.2845872486,2153.4423093172,2153.4423093172,0.0,-3637.0,0.43471,0.0,0.0,long_nclose
48862267,1619383771837,0.0,-0.5562930852,2152.8860162319997,2152.8122762319995,1.4355228826322401,7374.0,0.41911,7374.0,0.41911,long_ientry
48917842,1619396207453,56.48484,-0.5664603564,2208.8043958755998,2208.8043958755998,0.0,-7374.0,0.42677,0.0,0.0,long_nclose
49658127,1619588468090,0.0,-0.5705371764000001,2208.2338586991996,2208.1692786991994,1.435378308105076,6458.0,0.49081,6458.0,0.49081,long_ientry
49662725,1619589239848,57.92825999999986,-0.5809642632,2265.5811544359995,2265.5811544359995,0.0,-6458.0,0.49978,0.0,0.0,long_nclose
49668239,1619590124293,0.0,-0.5852037888,2264.9959506471996,2264.8625106472,1.4353810032512517,6672.0,0.48728,6672.0,0.48728,long_ientry
49702144,1619595608047,59.447520000000196,-0.5959043424000001,2323.8475663048,2323.8475663048,0.0,-6672.0,0.49619,0.0,0.0,long_nclose
49723617,1619601791047,0.0,-0.6002901882,2323.2472761166,2323.1080561166,1.4354672979858147,6961.0,0.47909,6961.0,0.47909,long_ientry
49731277,1619603262297,60.97835999999993,-0.611266293,2383.6143698236,2383.6143698236,0.0,-6961.0,0.48785,0.0,0.0,long_nclose
49859991,1619641187302,0.0,-0.6156850500000001,2382.9986847736,2382.9284347735997,1.4353648291354246,7025.0,0.4869,7025.0,0.4869,long_ientry
49866793,1619642087557,25.648919999999954,-0.3051412236,2408.34246355,2435.27650355,0.7270113891606219,-3429.0,0.49438,3596.0,0.4869,long_sclose
49882610,1619646339124,32.00440000000007,-0.320921424,2440.0259421260002,2440.0259421260002,0.0,-3596.0,0.4958,0.0,0.0,long_nclose
50667327,1619859877023,0.0,-0.6302519999999999,2439.3956901260003,2439.3273701260005,1.4353554915968325,6832.0,0.5125,6832.0,0.5125,long_ientry
50688406,1619865985791,64.01583999999993,-0.6417748512,2502.7697552748004,2502.7697552748004,0.0,-6832.0,0.52187,0.0,0.0,long_nclose
50893107,1619928191017,0.0,-0.646500123,2502.1232551518005,2502.0533851518007,1.4354478112158782,6987.0,0.51405,6987.0,0.51405,long_ientry
50900863,1619929095983,65.67779999999975,-0.6583221269999999,2567.1427330248007,2567.1427330248007,0.0,-6987.0,0.52345,0.0,0.0,long_nclose
51366503,1620049858698,0.0,-0.6631287696,2566.4796042552007,2566.275844255201,1.435448274707455,6792.0,0.54241,6792.0,0.54241,long_ientry
51374404,1620050532115,67.30872000000058,-0.6752443392,2633.113079916001,2633.113079916001,0.0,-6792.0,0.55232,0.0,0.0,long_nclose
51522082,1620088296832,0.0,-0.6801736932000001,2632.432906222801,2632.3620862228017,1.435456429323399,7082.0,0.53357,7082.0,0.53357,long_ientry
51955754,1620175969267,-47.23628000000002,-0.3236127804,2584.8730134424013,2535.4054134424014,0.748066798618031,-3458.0,0.51991,3624.0,0.53357,long_sclose
52100234,1620211873093,35.33400000000013,-0.35441850240000006,2619.8525949400014,2619.8525949400014,0.0,-3624.0,0.54332,0.0,0.0,long_nclose
53261223,1620326055000,0.0,-0.6766930872,2619.1759018528014,2619.058381852801,1.4353392749759957,5876.0,0.63979,5876.0,0.63979,long_ientry
53268430,1620326174168,68.69043999999987,-0.6890573664,2687.1772844864013,2687.1772844864013,0.0,-5876.0,0.65148,0.0,0.0,long_nclose
53272643,1620326273579,0.0,-0.6941293992,2686.4831550872013,2686.300785087201,1.435435927710043,6079.0,0.63436,6079.0,0.63436,long_ientry
53300770,1620327090091,70.45560999999994,-0.7068114090000001,2756.2319536782015,2756.2319536782015,0.0,-6079.0,0.64595,0.0,0.0,long_nclose
53324080,1620328262038,0.0,-0.711945477,2755.5200082012016,2755.395148201202,1.4353924624855041,6243.0,0.63355,6243.0,0.63355,long_ientry
53365574,1620330196908,30.20568000000026,-0.35302789440000004,2785.372660306802,2817.0670603068024,0.726722236792918,-3048.0,0.64346,3195.0,0.63355,long_sclose
53368442,1620330398434,36.99810000000011,-0.371014263,2821.9997460438026,2821.9997460438026,0.0,-3195.0,0.64513,0.0,0.0,long_nclose
53564402,1620349910274,0.0,-0.7289773848000001,2821.2707686590024,2821.207348659002,1.4354787938078606,6342.0,0.63858,6342.0,0.63858,long_ientry
53705447,1620369893309,-0.6192000000002755,-0.3557564064,2820.2958122526024,2819.6790722526025,0.7349692436498023,-3096.0,0.63838,3246.0,0.63858,long_sclose
53763200,1620376250722,37.880819999999865,-0.37992807,2857.7967041826023,2857.7967041826023,0.0,-3246.0,0.65025,0.0,0.0,long_nclose
54526295,1620532361864,0.0,-0.7382580084000001,2857.0584461742023,2856.991216174202,1.4355440944836468,6723.0,0.61006,6723.0,0.61006,long_ientry
54748760,1620575191668,-10.308620000000104,-0.3586533048,2846.391172869402,2835.658372869402,0.737286715895914,-3283.0,0.60692,3440.0,0.61006,long_sclose
54783134,1620580650829,38.35599999999998,-0.38465323200000007,2884.362519637402,2884.362519637402,0.0,-3440.0,0.62121,0.0,0.0,long_nclose
55893136,1620655644043,0.0,-0.7450141608,2883.6175054766018,2883.5584254766013,1.4353386162135657,5908.0,0.70057,5908.0,0.70057,long_ientry
55899527,1620655869837,75.62239999999954,-0.7586261927999999,2958.4812792838015,2958.4812792838015,0.0,-5908.0,0.71337,0.0,0.0,long_nclose
56227940,1620676466103,0.0,-0.7642397124,2957.7170395714015,2957.656179571402,1.43549099633116,6086.0,0.69763,6086.0,0.69763,long_ientry
56457551,1620682584660,-48.2355599999999,-0.364521744,2909.1169578274016,2858.6078778274014,0.7467626264233856,-2972.0,0.6814,3114.0,0.69763,long_sclose
56611760,1620691229148,0.0,-0.360417996,2908.756539831402,2763.3331198314017,1.435232534188639,3076.0,0.65095,6190.0,0.6744332827140549,long_rentry
56641647,1620692695706,6.485232920840043,-0.36791067239999997,2914.873862079842,2921.740189159002,0.7332320964982797,-3021.0,0.67658,3169.0,0.6744332827140549,long_sclose
56678543,1620695450034,0.0,-0.368178444,2914.505683635842,2800.886290715002,1.435136975853452,3203.0,0.6386,6372.0,0.6564210409480289,long_rentry
56859150,1620715281779,-8.117726307421808,-0.36588515220000006,2906.0220721762203,2897.534875562802,0.7370562932474293,-3109.0,0.65381,3263.0,0.6564210409480289,long_sclose
57103277,1620741493965,39.15260338658178,-0.3925898028,2944.782085760002,2944.782085760002,0.0,-3263.0,0.66842,0.0,0.0,long_nclose
57911402,1620825822947,0.0,-0.7607097792,2944.0213759808016,2943.957605980802,1.435507729148893,6377.0,0.66272,6377.0,0.66272,long_ientry
57921378,1620826662864,77.22547000000041,-0.7746103638,3020.472235617002,3020.472235617002,0.0,-6377.0,0.67483,0.0,0.0,long_nclose
57979117,1620833665076,0.0,-0.7801806816000001,3019.6920549354018,3019.6250149354014,1.4353573282136287,6704.0,0.64653,6704.0,0.64653,long_ientry
57985452,1620833964285,79.2412799999996,-0.7944441120000001,3098.1388908234017,3098.1388908234017,0.0,-6704.0,0.65835,0.0,0.0,long_nclose
57998896,1620835333016,0.0,-0.8002517328000001,3097.3386390906016,3097.2698690906013,1.4353751649530087,6877.0,0.64648,6877.0,0.64648,long_ientry
58005075,1620835724104,81.21736999999992,-0.8148708594000001,3177.7411382312016,3177.7411382312016,0.0,-6877.0,0.65829,0.0,0.0,long_nclose
58088367,1620843359266,0.0,-0.8208515808000001,3176.9202866504015,3176.8491566504013,1.4354425508133088,7113.0,0.64112,7113.0,0.64112,long_ientry
58148395,1620848655857,83.36435999999966,-0.8358571656,3259.448789484801,3259.448789484801,0.0,-7113.0,0.65284,0.0,0.0,long_nclose
58212645,1620857291035,0.0,-0.8420137992000001,3258.6067756856014,3258.463835685601,1.4355381799682758,7147.0,0.65452,7147.0,0.65452,long_ientry
58484891,1620869240207,-117.05460000000005,-0.39009963599999997,3141.1620760496016,3018.542866049602,0.7620045008980311,-3490.0,0.62098,3657.0,0.65452,long_sclose
58535953,1620875109034,0.0,-0.3805166214000001,3140.7815594282015,2970.478669428202,1.4351717191120508,3477.0,0.60799,7134.0,0.6318420058873002,long_rentry
58577941,1620881476444,-45.78213249369219,-0.3876587802,3094.611768154309,3046.6040206480016,0.7458508596323595,-3481.0,0.61869,3653.0,0.6318420058873002,long_sclose
58671422,1620896212598,0.0,-0.3839230404,3094.227845113909,2969.1426376076006,1.4352610246589061,3569.0,0.59762,7222.0,0.6149300231938948,long_rentry
58803880,1620908959501,-35.70833175847909,-0.3837456,3058.1357677554297,3020.7220420076005,0.7433928603557148,-3525.0,0.6048,3697.0,0.6149300231938948,long_sclose
58909799,1620924400554,0.0,-0.380710044,3057.75505771143,2978.2708019635998,1.4351875846564235,3564.0,0.59345,7261.0,0.6043867367783817,long_rentry
58966205,1620928252349,-13.664418405806433,-0.38298200220000006,3043.7076573034233,3029.4054899614,0.7382804593437378,-3543.0,0.60053,3718.0,0.6043867367783817,long_sclose
58985840,1620930274551,41.05885265797686,-0.41187037320000003,3084.3546395882,3084.3546395882,0.0,-3718.0,0.61543,0.0,0.0,long_nclose
59798029,1621026082756,0.0,-0.7967578787999999,3083.5578817094,3083.4879417094003,1.4354952395270633,6994.0,0.63289,6994.0,0.63289,long_ientry
59801599,1621026234893,80.92058000000056,-0.8113235832000001,3163.6671381262004,3163.6671381262004,0.0,-6994.0,0.64446,0.0,0.0,long_nclose
60464585,1621096115104,0.0,-0.8171919000000001,3162.8499462262002,3162.7834462262003,1.4354000591829885,6650.0,0.6827,6650.0,0.6827,long_ientry
60495850,1621097765813,82.9920000000003,-0.8321304600000001,3245.0098157662005,3245.0098157662005,0.0,-6650.0,0.69518,0.0,0.0,long_nclose
60604024,1621105684416,0.0,-0.8382317292,3244.1715840370007,3244.102764037001,1.4354490258511823,6882.0,0.67667,6882.0,0.67667,long_ientry
60661595,1621108937926,85.13033999999995,-0.8535551904,3328.4483688466007,3328.4483688466007,0.0,-6882.0,0.68904,0.0,0.0,long_nclose
60793740,1621121688094,0.0,-0.8597562480000001,3327.588612598601,3327.4469125986006,1.4354008731475874,7085.0,0.67416,7085.0,0.67416,long_ientry
60813809,1621123222471,87.28719999999998,-0.875467944,3414.0003446546007,3414.0003446546007,0.0,-7085.0,0.68648,0.0,0.0,long_nclose
61802393,1621192158183,0.0,-0.8818236126000002,3413.118521042001,3413.0457910420005,1.4353501174358179,7273.0,0.67359,7273.0,0.67359,long_ientry
61806046,1621192231161,89.5306299999995,-0.897939126,3501.751211916,3501.751211916,0.0,-7273.0,0.6859,0.0,0.0,long_nclose
61900258,1621196844773,0.0,-0.9045722628,3500.8466396532003,3500.772129653201,1.435481749779769,7451.0,0.67446,7451.0,0.67446,long_ientry
61977045,1621200978490,91.87083000000047,-0.9211090122000001,3591.796360641001,3591.796360641001,0.0,-7451.0,0.68679,0.0,0.0,long_nclose
62223449,1621221693322,0.0,-0.9278687753999999,3590.868491865601,3590.7884218656013,1.4355375424294248,8007.0,0.64379,8007.0,0.64379,long_ientry
62300523,1621225476668,94.24239000000047,-0.9448324056000001,3684.166049460001,3684.166049460001,0.0,-8007.0,0.65556,0.0,0.0,long_nclose
62796220,1621272279706,0.0,-0.9516484638000001,3683.2144009962008,3682.964470996201,1.4354135639158123,8331.0,0.63461,8331.0,0.63461,long_ientry
62802279,1621272611480,96.63959999999953,-0.9690435918,3778.8849574044,3778.8849574044,0.0,-8331.0,0.64621,0.0,0.0,long_nclose
62914438,1621287486032,0.0,-0.97613505,3777.9088223544004,3777.826322354401,1.4354429275559892,8250.0,0.65733,8250.0,0.65733,long_ientry
63045197,1621302352756,6.485080000000002,-0.47775785759999995,3783.9161444968004,3790.7557844968005,0.7334325481911712,-4028.0,0.65894,4222.0,0.65733,long_sclose
63096372,1621312997414,50.70622000000032,-0.5086716264000001,3834.113692870401,3834.113692870401,0.0,-4222.0,0.66934,0.0,0.0,long_nclose
63802952,1621399296877,0.0,-0.9904664664,3833.123226404001,3833.0261464040004,1.4355373294800624,9708.0,0.56681,9708.0,0.56681,long_ientry
63829893,1621400755406,100.57487999999927,-1.0085699447999998,3932.6895364592,3932.6895364592,0.0,-9708.0,0.57717,0.0,0.0,long_nclose
63883085,1621408488489,0.0,-1.015879878,3931.6736565812002,3931.3698465812004,1.4354642813634653,10127.0,0.5573,10127.0,0.5573,long_ientry
63886760,1621408740180,103.19413000000033,-1.0344548214,4033.833331759801,4033.833331759801,0.0,-10127.0,0.56749,0.0,0.0,long_nclose
63995572,1621422995054,0.0,-1.0420476156,4032.7912841442007,4032.6848541442014,1.4355202171660408,10643.0,0.54394,10643.0,0.54394,long_ientry
64259059,1621431637787,-483.42493999999994,-0.4218176232,3548.944526521001,3046.169806521001,0.8346980962545261,-5197.0,0.45092,5446.0,0.54394,long_sclose
64423114,1621440808446,0.0,-0.3835296000000001,3548.560996921001,3003.128396921001,1.4352345202517545,4800.0,0.4439,10246.0,0.4970737107163771,long_rentry
64428897,1621440991245,-161.36855358188566,-0.41832,3386.774123339115,3217.5186969210004,0.7699505758143567,-5000.0,0.4648,5246.0,0.4970737107163771,long_sclose
64466216,1621442843816,47.66667358188588,-0.4779567648000001,3433.9628401562004,3433.9628401562004,0.0,-5246.0,0.50616,0.0,0.0,long_nclose
64570989,1621447855236,0.0,-0.8870938002000001,3433.0757463560003,3432.757716356,1.435534562623935,10601.0,0.46489,10601.0,0.46489,long_ientry
64572521,1621447863662,90.1084999999995,-0.9033133301999999,3522.2809330257996,3522.2809330257996,0.0,-10601.0,0.47339,0.0,0.0,long_nclose
64579803,1621448175333,0.0,-0.9098724978,3521.371060528,3521.044090528,1.4354770125367216,10899.0,0.46379,10899.0,0.46379,long_ientry
64587225,1621448616924,92.42352000000047,-0.9265087314000001,3612.8680717966,3612.8680717966,0.0,-10899.0,0.47227,0.0,0.0,long_nclose
64601824,1621449857195,0.0,-0.9332531712000001,3611.9348186254,3611.8224586254,1.43544667895562,11236.0,0.46144,11236.0,0.46144,long_ientry
64607949,1621450230641,94.71947999999992,-0.9503026776000001,3705.7039959477997,3705.7039959477997,0.0,-11236.0,0.46987,0.0,0.0,long_nclose
64704222,1621457597326,0.0,-0.9572516784,3704.7467442693996,3704.6329742693997,1.435473258253381,11377.0,0.46744,11377.0,0.46744,long_ientry
64710099,1621458113360,97.1595799999999,-0.9747404028000001,3800.9315838666,3800.9315838666,0.0,-11377.0,0.47598,0.0,0.0,long_nclose
64716272,1621458726174,0.0,-0.9818558532000001,3799.9497280133996,3798.7788280133996,1.4354807643341447,11709.0,0.46586,11709.0,0.46586,long_ientry
64735878,1621461231256,46.822230000000175,-0.487825893,3846.2841321204,3895.5383721204003,0.7257480269563767,-5717.0,0.47405,5992.0,0.46586,long_sclose
64736079,1621461232979,51.05184000000016,-0.5116472928000001,3896.8243248276003,3896.8243248276003,0.0,-5992.0,0.47438,0.0,0.0,long_nclose
64778967,1621466009458,0.0,-1.0066616099999999,3895.8176632176005,3895.6979132176,1.4355303516389513,11975.0,0.46702,11975.0,0.46702,long_ientry
64951504,1621480336031,-87.48607999999984,-0.4758564384000001,3807.8557267792007,3716.440886779201,0.7514548200649096,-5848.0,0.45206,6127.0,0.46702,long_sclose
65002575,1621487027101,52.324579999999955,-0.5244761016,3859.6558306776005,3859.6558306776005,0.0,-6127.0,0.47556,0.0,0.0,long_nclose
65328302,1621526876028,0.0,-0.9970225902000001,3858.6588080874008,3858.5442780874005,1.4354765905683928,11453.0,0.48363,11453.0,0.48363,long_ientry
65330824,1621526975522,101.24452000000016,-1.0152466038,3958.888081483601,3958.888081483601,0.0,-11453.0,0.49247,0.0,0.0,long_nclose
65334584,1621527212223,0.0,-1.0226610504,3957.865420433201,3957.5129804332014,1.4354834428347356,11748.0,0.48361,11748.0,0.48361,long_ientry
65338919,1621527416281,103.85232000000018,-1.041354468,4060.676385965201,4060.676385965201,0.0,-11748.0,0.49245,0.0,0.0,long_nclose
65342645,1621527679049,0.0,-1.0489839840000001,4059.627401981201,4059.021801981201,1.435523072180452,12112.0,0.48115,12112.0,0.48115,long_ientry
65343942,1621527757601,106.46447999999957,-1.0681475904,4165.0237343908,4165.0237343908,0.0,-12112.0,0.48994,0.0,0.0,long_nclose
65359145,1621529094911,0.0,-1.075891176,4163.9478432148,4163.822643214799,1.4354582297998453,12520.0,0.47741,12520.0,0.47741,long_ientry
65370937,1621530026610,109.2996000000002,-1.095565104,4272.1518781108,4272.1518781108,0.0,-12520.0,0.48614,0.0,0.0,long_nclose
65471302,1621550375640,0.0,-1.1035718928,4271.048306218,4270.406106218,1.435468419093799,12844.0,0.47734,12844.0,0.47734,long_ientry
65475907,1621551125023,111.99968000000007,-1.1237318352,4381.9242543828,4381.9242543828,0.0,-12844.0,0.48606,0.0,0.0,long_nclose
65581735,1621571141058,0.0,-1.1319322680000001,4380.7923221148,4380.6609721148,1.4354737996263331,13135.0,0.47876,13135.0,0.47876,long_ientry
65674970,1621592789969,47.720160000000014,-0.561327624,4427.9511544908,4478.0898144908,0.7266895789346237,-6414.0,0.4862,6721.0,0.47876,long_sclose
65676688,1621593132737,58.80874999999987,-0.5897798478,4486.170124643,4486.170124643,0.0,-6721.0,0.48751,0.0,0.0,long_nclose
65732897,1621606523573,0.0,-1.1588427936,4485.0112818494,4484.8757218494,1.4354513546162757,13556.0,0.47492,13556.0,0.47492,long_ientry
66218849,1621690372009,-410.6427599999999,-0.4919134896000001,4073.8766083598002,3643.5744983598,0.8086941153886396,-6619.0,0.41288,6937.0,0.47492,long_sclose
66232412,1621694071814,0.0,-0.4593955752,4073.4172127846005,3550.3035327846005,1.4353348489935716,6388.0,0.39953,13325.0,0.43877806228893057,long_rentry
66805291,1621800429433,-689.3463571272046,-0.3896039088,3383.681251748596,2661.0095188758005,0.8845115541915013,-6504.0,0.33279,6821.0,0.43877806228893057,long_sclose
67077485,1621833497559,54.717637127204405,-0.548572104,3437.8503167718004,3437.8503167718004,0.0,-6821.0,0.4468,0.0,0.0,long_nclose
67558032,1621911636284,0.0,-0.8880673464000001,3436.9622494254004,3436.7271094254,1.4354849200990873,11757.0,0.41964,11757.0,0.41964,long_ientry
67568854,1621914147930,90.17619000000012,-0.9042990606000001,3526.2341403648006,3526.2341403648006,0.0,-11757.0,0.42731,0.0,0.0,long_nclose
67582105,1621916549940,0.0,-0.91086768,3525.3232726848005,3524.7202726848004,1.4354360177999053,12060.0,0.4196,12060.0,0.4196,long_ientry
67586464,1621917416290,92.50020000000012,-0.927517716,3616.8959549688007,3616.8959549688007,0.0,-12060.0,0.42727,0.0,0.0,long_nclose
67704566,1621937436204,0.0,-0.9343101600000001,3615.9616448088004,3615.8400848088004,1.4354720845703168,12156.0,0.427,12156.0,0.427,long_ientry
67776329,1621948788562,14.718799999999895,-0.45881348400000005,3630.2216313248005,3645.7119213248,0.7317368661677536,-5935.0,0.42948,6221.0,0.427,long_sclose
67784379,1621949861740,48.586009999999895,-0.4868915418,3678.3207497830003,3678.3207497830003,0.0,-6221.0,0.43481,0.0,0.0,long_nclose
67811127,1621955166317,0.0,-0.9501958800000001,3677.370553903,3677.245313903,1.4355001549673156,12524.0,0.4215,12524.0,0.4215,long_ientry
67814757,1621955724016,96.43480000000051,-0.9675541440000001,3772.8377997590005,3772.8377997590005,0.0,-12524.0,0.4292,0.0,0.0,long_nclose
67884740,1621972586553,0.0,-0.9746302500000001,3771.8631695090007,3771.5981695090004,1.4355272862946518,13250.0,0.40865,13250.0,0.40865,long_ientry
67902297,1621978160243,98.9774999999997,-0.9924462000000001,3869.8482233090003,3869.8482233090003,0.0,-13250.0,0.41612,0.0,0.0,long_nclose
68187047,1622037338302,0.0,-0.9996611400000001,3868.848562169,3868.720862169,1.435484721295587,12770.0,0.4349,12770.0,0.4349,long_ientry
68193579,1622038177471,101.52150000000016,-1.0179350100000002,3969.3521271590002,3969.3521271590002,0.0,-12770.0,0.44285,0.0,0.0,long_nclose
68354147,1622078272028,0.0,-1.0253316096,3968.3267955494002,3968.1933555494006,1.4354379095966994,13344.0,0.42688,13344.0,0.42688,long_ientry
68466436,1622104284708,36.61430000000009,-0.5071927500000001,4004.4339027994006,4042.8811727994007,0.7279839275064777,-6515.0,0.4325,6829.0,0.42688,long_sclose
68475222,1622107189872,53.2662000000002,-0.5343173496000001,4057.1657854498008,4057.1657854498008,0.0,-6829.0,0.43468,0.0,0.0,long_nclose
68720674,1622180489159,0.0,-1.0480419576,4056.1177434922006,4055.9715534922007,1.4354749265703104,14619.0,0.39828,14619.0,0.39828,long_ientry
68956462,1622226123537,10.849759999999756,-0.513679032,4066.4538244602004,4077.9745644602003,0.7327103192658329,-7138.0,0.3998,7481.0,0.39828,long_sclose
68970617,1622227878295,54.46167999999965,-0.5461189848,4120.3693854754,4120.3693854754,0.0,-7481.0,0.40556,0.0,0.0,long_nclose
69002415,1622235298133,0.0,-1.0643743044,4119.305011171,4119.154391171,1.4354825787272911,15062.0,0.39259,15062.0,0.39259,long_ientry
69043163,1622244797025,45.012600000000106,-0.5278521690000001,4163.789759002,4211.187809002,0.7266676045442828,-7355.0,0.39871,7707.0,0.39259,long_sclose
69043479,1622244838002,55.33626000000015,-0.5545849302000001,4218.5714340718005,4218.5714340718005,0.0,-7707.0,0.39977,0.0,0.0,long_nclose
69111302,1622264031327,0.0,-1.0897335468,4217.481700525001,4217.326280525001,1.4354716131302658,15542.0,0.38953,15542.0,0.38953,long_ientry
69120664,1622265522252,110.65904000000023,-1.109652174,4327.031088351001,4327.031088351001,0.0,-15542.0,0.39665,0.0,0.0,long_nclose
69202396,1622287060923,0.0,-1.1177903610000002,4325.913297990001,4325.577597990001,1.4355226335408522,16785.0,0.36997,16785.0,0.36997,long_ientry
69207508,1622287833201,113.4665999999998,-1.138214349,4438.241683641001,4438.241683641001,0.0,-16785.0,0.37673,0.0,0.0,long_nclose
69240684,1622294977045,0.0,-1.1464752312000002,4437.095208409801,4436.918538409801,1.4354676969581366,17667.0,0.36052,17667.0,0.36052,long_ientry
69249473,1622296656214,116.42552999999972,-1.1674318266,4552.353306583201,4552.353306583201,0.0,-17667.0,0.36711,0.0,0.0,long_nclose
69259162,1622298957077,0.0,-1.1759539608000003,4551.177352622401,4550.8121926224,1.435469781513925,18258.0,0.35782,18258.0,0.35782,long_ientry
69302896,1622307302912,119.40731999999983,-1.1974472784,4669.387225344,4669.387225344,0.0,-18258.0,0.36436,0.0,0.0,long_nclose
69309991,1622308783127,0.0,-1.2062364930000002,4668.180988851001,4667.991498851001,1.435529998944926,18949.0,0.35365,18949.0,0.35365,long_ientry
69369546,1622324840144,122.60002999999953,-1.2283044984,4789.552714352601,4789.552714352601,0.0,-18949.0,0.36012,0.0,0.0,long_nclose
69399936,1622333915046,0.0,-1.2372529752,4788.3154613774,4788.121581377401,1.435500166069414,19388.0,0.35453,19388.0,0.35453,long_ientry
69434434,1622340356694,125.63423999999972,-1.2598671384,4912.6898342389995,4912.6898342389995,0.0,-19388.0,0.36101,0.0,0.0,long_nclose
69693429,1622413886073,0.0,-1.2690470195999999,4911.420787219399,4911.2311672194,1.4354830354479777,18962.0,0.37181,18962.0,0.37181,long_ientry
69696830,1622415077879,60.18350000000005,-0.6304990122,4970.9737882071995,5034.1403182072,0.7257476268651016,-9259.0,0.37831,9703.0,0.37181,long_sclose
69696916,1622415091002,65.98040000000027,-0.6612575094,5036.2929306978,5036.2929306978,0.0,-9703.0,0.37861,0.0,0.0,long_nclose
70520228,1622587530099,0.0,-1.3009675680000001,5034.991963129801,5034.8170031298005,1.4354735127535843,17496.0,0.4131,17496.0,0.4131,long_ientry
70532795,1622590642190,64.24335999999975,-0.6468041988000001,5098.588518931,5166.094138931,0.7253937606981953,-8543.0,0.42062,8953.0,0.4131,long_sclose
70532900,1622590645190,67.59515,-0.677894301,5165.50577463,5165.50577463,0.0,-8953.0,0.42065,0.0,0.0,long_nclose
71102009,1622769329066,0.0,-1.3343703534000002,5164.1714042766,5163.9907142766,1.4355001121498292,18069.0,0.41027,18069.0,0.41027,long_ientry
71419492,1622861844660,-129.6098700000003,-0.6282364212,5033.933297855399,4898.202017855399,0.7535571481680298,-8823.0,0.39558,9246.0,0.41027,long_sclose
71481953,1622886346073,0.0,-0.6175555344000001,5033.315742321,4839.616382321,1.4352806121931692,8812.0,0.38934,18058.0,0.40005651234909734,long_rentry
71684000,1622957897901,-131.03343984494413,-0.6111116388000001,4901.671190837255,4764.337590682199,0.7544615410082982,-8814.0,0.38519,9244.0,0.40005651234909734,long_sclose
71946418,1623098914362,0.0,-0.6005361294,4901.070654707855,4564.5309845528,1.435285211282955,9173.0,0.36371,18417.0,0.38195331650947795,long_rentry
72287503,1623184013057,-329.6564421036975,-0.5586699456,4570.855542658558,4225.193794607199,0.7878297256265655,-8989.0,0.34528,9428.0,0.38195331650947795,long_sclose
72329424,1623198136052,0.0,-0.5325974784,4570.322945180158,4185.165417128799,1.4353319944205327,8674.0,0.34112,18102.0,0.36238707038180085,long_rentry
72401600,1623220178312,-171.5692338935923,-0.5454869256,4398.208224360966,4218.382310203199,0.7634651255388544,-8836.0,0.34297,9266.0,0.36238707038180085,long_sclose
72499006,1623250542958,0.0,-0.5317467876,4397.676477573365,4148.082183415598,1.4353096337001896,8806.0,0.33547,18072.0,0.34927110525441385,long_rentry
72501345,1623250977262,-61.933169449184575,-0.5434177050000001,4335.1998904191805,4270.4326657105985,0.7453190340425477,-8821.0,0.34225,9251.0,0.34927110525441385,long_sclose
72533318,1623257080717,59.10366529141726,-0.5922379188,4393.711317791798,4393.711317791798,0.0,-9251.0,0.35566,0.0,0.0,long_nclose
72672622,1623314811729,0.0,-1.1350089252,4392.576308866598,4391.660408866598,1.435514080261252,18318.0,0.34423,18318.0,0.34423,long_ientry
72681821,1623317733707,115.22022000000032,-1.1557485648,4506.640780301798,4506.640780301798,0.0,-18318.0,0.35052,0.0,0.0,long_nclose
72727592,1623334201922,0.0,-1.1641644,4505.476615901798,4505.287615901798,1.4354929680853477,18900.0,0.3422,18900.0,0.3422,long_ientry
72895015,1623403763509,1.4766399999999398,-0.5687352792000001,4506.384520622598,4508.222010622598,0.7343838913113376,-9229.0,0.34236,9671.0,0.3422,long_sclose
72937854,1623424997038,0.0,-0.5684311080000001,4505.8160895145975,4372.550269514598,1.4353374996929171,9615.0,0.32844,19286.0,0.33533997718552316,long_rentry
73160775,1623501374920,-114.01543520170043,-0.547777881,4391.252876431897,4271.814001633598,0.7538033012318678,-9415.0,0.32323,9871.0,0.33533997718552316,long_sclose
73216104,1623519902078,60.50945520170081,-0.6067170666,4451.155614566997,4451.155614566997,0.0,-9871.0,0.34147,0.0,0.0,long_nclose
73297485,1623543854700,0.0,-1.1498367672,4450.005777799797,4449.807337799798,1.43549971819551,19844.0,0.32191,19844.0,0.32191,long_ientry
73302672,1623546027342,116.88116000000012,-1.1708753760000001,4565.716062423797,4565.716062423797,0.0,-19844.0,0.3278,0.0,0.0,long_nclose
73317094,1623554192360,0.0,-1.1794493376000001,4564.536613086197,4564.330053086196,1.4355227869603382,20656.0,0.31722,20656.0,0.31722,long_ientry
73378668,1623583183225,119.80479999999942,-1.2010142015999998,4683.140398884596,4683.140398884596,0.0,-20656.0,0.32302,0.0,0.0,long_nclose
73970232,1623855235189,0.0,-1.209784896,4681.930613988596,4681.721333988596,1.43552473415967,20928.0,0.32115,20928.0,0.32115,long_ientry
